#Annotated with Bakta v1.12.0, https://github.com/oschwengers/bakta
#Database v6.0, https://doi.org/10.5281/zenodo.4247252
#Sequence Id	Start	Stop	Strand	Locus Tag	Mol Weight [kDa]	Iso El. Point	Pfam hits	Dbxrefs
CACYSW010000001.1	557	1090	-	FFNCOF_00001	21.0	5.6	PF04542.20|Sigma70_r2, PF08281.18|Sigma70_r4_2	PFAM:PF04542.20, PFAM:PF08281.18
CACYSW010000001.1	1356	3071	+	FFNCOF_00004	63.3	5.1	PF00004.35|AAA, PF13177.12|DNA_pol3_delta2, PF22608.2|DNAX_ATPase_lid	PFAM:PF00004.35, PFAM:PF13177.12, PFAM:PF22608.2
CACYSW010000001.1	5219	5497	-	FFNCOF_00009	10.0	9.2		
CACYSW010000001.1	5830	9396	-	FFNCOF_00010	131.2	4.6	PF00149.33|Metallophos, PF16656.11|Pur_ac_phosph_N	PFAM:PF00149.33, PFAM:PF16656.11
CACYSW010000001.1	20324	21967	+	FFNCOF_00019	63.3	5.5		
CACYSW010000001.1	22033	22350	-	FFNCOF_00020	11.8	4.6	PF00085.26|Thioredoxin, PF13098.12|Thioredoxin_2, PF13899.12|Thioredoxin_7	PFAM:PF00085.26, PFAM:PF13098.12, PFAM:PF13899.12
CACYSW010000001.1	22360	22905	-	FFNCOF_00021	20.2	8.2	PF02525.22|Flavodoxin_2, PF03358.20|FMN_red	PFAM:PF02525.22, PFAM:PF03358.20
CACYSW010000001.1	23406	24308	-	FFNCOF_00023	35.3	5.5	PF00303.24|Thymidylat_synt	PFAM:PF00303.24
CACYSW010000001.1	24422	24661	+	FFNCOF_00024	9.6	10.1		
CACYSW010000001.1	24603	25298	-	FFNCOF_00025	25.9	5.2	PF03598.20|CdhC	PFAM:PF03598.20
CACYSW010000001.1	25298	25456	-	FFNCOF_00026	6.3	9.2		
CACYSW010000001.1	32247	32663	-	FFNCOF_00034	16.5	5.9		
CACYSW010000001.1	32923	33132	+	FFNCOF_00036	7.9	4.5		
CACYSW010000001.1	50748	53351	-	FFNCOF_00053	95.0	4.5	PF00404.24|Dockerin_1, PF12799.13|LRR_4, PF13306.12|LRR_5, PF13855.12|LRR_8	PFAM:PF00404.24, PFAM:PF12799.13, PFAM:PF13306.12, PFAM:PF13855.12
CACYSW010000001.1	55318	56295	-	FFNCOF_00055	37.1	8.1	PF00149.33|Metallophos	PFAM:PF00149.33
CACYSW010000001.1	60589	62094	-	FFNCOF_00059	54.0	9.4		
CACYSW010000001.1	62204	62998	-	FFNCOF_00060	29.2	5.3	PF04909.20|Amidohydro_2	PFAM:PF04909.20
CACYSW010000001.1	75424	77097	+	FFNCOF_00071	61.7	4.6	PF00639.27|Rotamase, PF13145.12|Rotamase_2, PF13616.12|Rotamase_3	PFAM:PF00639.27, PFAM:PF13145.12, PFAM:PF13616.12
CACYSW010000001.1	80919	81923	-	FFNCOF_00075	38.5	8.1	PF13280.11|WYL	PFAM:PF13280.11
CACYSW010000001.1	81932	83683	-	FFNCOF_00076	68.1	5.7	PF00703.27|Glyco_hydro_2, PF02836.23|Glyco_hydro_2_C, PF02837.24|Glyco_hydro_2_N, PF22666.2|Glyco_hydro_2_N2	PFAM:PF00703.27, PFAM:PF02836.23, PFAM:PF02837.24, PFAM:PF22666.2
CACYSW010000001.1	83967	84116	+	FFNCOF_00078	5.3	5.9	PF13240.11|Zn_Ribbon_1	PFAM:PF13240.11
CACYSW010000001.1	84110	84712	+	FFNCOF_00079	22.2	9.6		
CACYSW010000001.1	84734	85222	+	FFNCOF_00080	18.4	8.6	PF12682.12|Flavodoxin_4, PF12724.12|Flavodoxin_5	PFAM:PF12682.12, PFAM:PF12724.12
CACYSW010000001.1	85277	87109	+	FFNCOF_00081	70.5	5.1	PF00733.27|Asn_synthase, PF13522.11|GATase_6, PF13537.11|GATase_7	PFAM:PF00733.27, PFAM:PF13522.11, PFAM:PF13537.11
CACYSW010000001.1	87196	88218	-	FFNCOF_00082	36.4	4.8	PF14450.12|FtsA	PFAM:PF14450.12
CACYSW010000001.1	89517	89609	-	FFNCOF_00084	3.3	10.3		
CACYSW010000001.1	89625	89777	-	FFNCOF_00085	5.2	11.1		
CACYSW010000001.1	89851	90489	-	FFNCOF_00086	23.4	4.6	PF04263.21|TPK_catalytic, PF04265.19|TPK_B1_binding	PFAM:PF04263.21, PFAM:PF04265.19
CACYSW010000001.1	95299	96582	-	FFNCOF_00091	48.1	6.2	PF01029.23|NusB, PF13847.12|Methyltransf_31, PF22458.1|RsmF-B_ferredox	PFAM:PF01029.23, PFAM:PF13847.12, PFAM:PF22458.1
CACYSW010000001.1	101457	102014	-	FFNCOF_00097	21.3	5.5	PF00625.27|Guanylate_kin	PFAM:PF00625.27
CACYSW010000001.1	103216	103596	-	FFNCOF_00100	13.9	4.5		
CACYSW010000001.1	104882	105601	-	FFNCOF_00103	26.9	9.2		
CACYSW010000001.1	107689	108531	-	FFNCOF_00107	31.6	4.7	PF05175.20|MTS, PF13847.12|Methyltransf_31, PF17827.6|PrmC_N	PFAM:PF05175.20, PFAM:PF13847.12, PFAM:PF17827.6
CACYSW010000001.1	109520	110815	-	FFNCOF_00109	46.5	4.7		
CACYSW010000001.1	111783	112856	-	FFNCOF_00111	38.9	7.0	PF00266.25|Aminotran_5, PF01041.23|DegT_DnrJ_EryC1	PFAM:PF00266.25, PFAM:PF01041.23
CACYSW010000001.1	112925	113143	-	FFNCOF_00112	8.0	9.9		
CACYSW010000001.1	113239	114765	-	FFNCOF_00113	57.0	4.6	PF01476.26|LysM, PF12673.12|SipL	PFAM:PF01476.26, PFAM:PF12673.12
CACYSW010000001.1	115499	115651	+	FFNCOF_00115	5.3	4.1	PF00301.25|Rubredoxin	PFAM:PF00301.25
CACYSW010000001.1	115711	117621	-	FFNCOF_00116	68.5	5.5	PF00404.24|Dockerin_1, PF06347.19|SH3_4, PF08239.17|SH3_3	PFAM:PF00404.24, PFAM:PF06347.19, PFAM:PF08239.17
CACYSW010000001.1	117699	119690	-	FFNCOF_00117	72.9	5.8	PF01520.23|Amidase_3, PF09136.16|Glucodextran_B	PFAM:PF01520.23, PFAM:PF09136.16
CACYSW010000001.1	119730	120947	-	FFNCOF_00118	46.7	4.8	PF02638.21|GHL10	PFAM:PF02638.21
CACYSW010000001.1	122014	122307	-	FFNCOF_00120	11.0	5.0		
CACYSW010000001.1	122304	123119	-	FFNCOF_00121	29.4	4.6	PF12733.13|Cadherin-like	PFAM:PF12733.13
CACYSW010000001.1	128249	129562	-	FFNCOF_00129	50.8	9.1	PF21817.3|CapR	PFAM:PF21817.3
CACYSW010000001.1	132098	132472	+	FFNCOF_00131	14.3	5.5	PF07739.18|TipAS	PFAM:PF07739.18
CACYSW010000001.1	134175	136304	-	FFNCOF_00133	76.4	4.7		
CACYSW010000001.1	136449	137405	-	FFNCOF_00134	35.7	8.4	PF01408.29|GFO_IDH_MocA, PF02894.22|GFO_IDH_MocA_C, PF22725.1|GFO_IDH_MocA_C3	PFAM:PF01408.29, PFAM:PF02894.22, PFAM:PF22725.1, SO:0001217, UniRef:UniRef50_A0A355TXP8
CACYSW010000001.1	138943	139509	-	FFNCOF_00137	22.0	6.0		
CACYSW010000001.1	141994	144780	-	FFNCOF_00141	101.6	4.6	PF00933.27|Glyco_hydro_3, PF01915.27|Glyco_hydro_3_C	PFAM:PF00933.27, PFAM:PF01915.27
CACYSW010000001.1	144992	145276	-	FFNCOF_00142	10.8	5.5	PF13451.12|zf_Tbcl, PF23477.1|zf_Tbcl_2	PFAM:PF13451.12, PFAM:PF23477.1
CACYSW010000001.1	145357	145926	-	FFNCOF_00143	20.8	5.2	PF04542.20|Sigma70_r2, PF08281.18|Sigma70_r4_2	PFAM:PF04542.20, PFAM:PF08281.18
CACYSW010000001.1	146085	146717	-	FFNCOF_00144	23.3	5.0		
CACYSW010000001.1	146784	146933	-	FFNCOF_00145	5.0	4.1		
CACYSW010000001.1	151854	152567	-	FFNCOF_00148	26.1	7.7		
CACYSW010000001.1	152659	153207	-	FFNCOF_00149	20.2	9.6		
CACYSW010000001.1	153822	154706	-	FFNCOF_00151	33.6	7.9		
CACYSW010000001.1	158858	159235	-	FFNCOF_00156	14.2	5.2		
CACYSW010000001.1	159250	160656	-	FFNCOF_00157	54.0	9.4		
CACYSW010000001.1	161515	162381	-	FFNCOF_00159	31.7	9.4		
CACYSW010000001.1	162507	162953	-	FFNCOF_00160	15.3	4.3		
CACYSW010000001.1	168909	170030	-	FFNCOF_00165	41.5	5.5		
CACYSW010000001.1	170027	171094	-	FFNCOF_00166	38.8	9.4		
CACYSW010000001.1	171095	172660	-	FFNCOF_00167	58.5	5.9		
CACYSW010000001.1	172676	173353	+	FFNCOF_00168	25.4	9.0	PF04239.17|DUF421	PFAM:PF04239.17
CACYSW010000001.1	173350	173757	+	FFNCOF_00169	15.3	4.9		
CACYSW010000001.1	173741	174892	-	FFNCOF_00170	43.3	7.2	PF00149.33|Metallophos	PFAM:PF00149.33
CACYSW010000001.1	188930	189490	-	FFNCOF_00186	20.9	4.4	PF02357.24|NusG	PFAM:PF02357.24
CACYSW010000001.1	189503	189901	-	FFNCOF_00187	14.1	9.4		
CACYSW010000002.1	239	1120	+	FFNCOF_00189	33.8	5.1		
CACYSW010000002.1	1203	1796	-	FFNCOF_00190	21.4	5.6		
CACYSW010000002.1	4716	4955	-	FFNCOF_00196	8.9	9.8		
CACYSW010000002.1	8145	8324	-	FFNCOF_00201	6.3	9.8	PF00327.25|Ribosomal_L30	PFAM:PF00327.25
CACYSW010000002.1	15156	15779	-	FFNCOF_00217	22.6	9.7		
CACYSW010000002.1	17329	18072	-	FFNCOF_00220	28.0	4.8	PF19567.5|CpsB_CapC	PFAM:PF19567.5
CACYSW010000002.1	18076	19284	-	FFNCOF_00221	44.1	8.2		
CACYSW010000002.1	23420	24016	-	FFNCOF_00225	21.8	8.9	PF01464.25|SLT	PFAM:PF01464.25
CACYSW010000002.1	24003	24605	-	FFNCOF_00226	21.9	5.7	PF01121.26|CoaE, PF13238.12|AAA_18	PFAM:PF01121.26, PFAM:PF13238.12
CACYSW010000002.1	25596	26465	-	FFNCOF_00228	33.5	8.6		
CACYSW010000002.1	34479	35942	-	FFNCOF_00235	54.0	4.7	PF00404.24|Dockerin_1, PF01841.26|Transglut_core	PFAM:PF00404.24, PFAM:PF01841.26
CACYSW010000002.1	40029	40340	+	FFNCOF_00240	11.6	8.0		
CACYSW010000002.1	40834	41685	+	FFNCOF_00242	31.0	4.3		
CACYSW010000002.1	42332	42877	-	FFNCOF_00244	20.8	8.7		
CACYSW010000002.1	42968	44047	+	FFNCOF_00245	38.6	8.6		
CACYSW010000002.1	44040	45188	+	FFNCOF_00246	42.0	5.0		
CACYSW010000002.1	45185	45778	+	FFNCOF_00247	21.1	10.1		
CACYSW010000002.1	45792	46970	+	FFNCOF_00248	42.5	4.8	PF13200.12|DUF4015	PFAM:PF13200.12
CACYSW010000002.1	49978	50556	+	FFNCOF_00250	21.3	6.8	PF04542.20|Sigma70_r2, PF04545.22|Sigma70_r4, PF08281.18|Sigma70_r4_2	PFAM:PF04542.20, PFAM:PF04545.22, PFAM:PF08281.18
CACYSW010000002.1	50579	52609	+	FFNCOF_00251	75.4	4.6	PF09826.15|Beta_propel	PFAM:PF09826.15
CACYSW010000002.1	57795	58055	-	FFNCOF_00255	9.6	9.4		
CACYSW010000002.1	59641	60153	+	FFNCOF_00258	18.9	5.0	PF00293.34|NUDIX	PFAM:PF00293.34
CACYSW010000002.1	62648	63172	+	FFNCOF_00262	19.2	9.7		
CACYSW010000002.1	65323	66054	+	FFNCOF_00264	26.3	4.8	PF01656.29|CbiA, PF02374.21|ArsA_ATPase, PF06564.18|CBP_BcsQ, PF09140.17|MipZ, PF13614.12|AAA_31	PFAM:PF01656.29, PFAM:PF02374.21, PFAM:PF06564.18, PFAM:PF09140.17, PFAM:PF13614.12
CACYSW010000002.1	69792	71444	-	FFNCOF_00268	61.0	4.1	PF00404.24|Dockerin_1, PF13306.12|LRR_5	PFAM:PF00404.24, PFAM:PF13306.12
CACYSW010000002.1	75948	76118	-	FFNCOF_00272	5.7	4.1	PF00037.32|Fer4, PF12797.12|Fer4_2, PF12798.12|Fer4_3, PF12800.12|Fer4_4, PF12837.12|Fer4_6, PF12838.12|Fer4_7, PF13183.11|Fer4_8, PF13237.11|Fer4_10, PF13484.11|Fer4_16, PF13534.11|Fer4_17	PFAM:PF00037.32, PFAM:PF12797.12, PFAM:PF12798.12, PFAM:PF12800.12, PFAM:PF12837.12, PFAM:PF12838.12, PFAM:PF13183.11, PFAM:PF13237.11, PFAM:PF13484.11, PFAM:PF13534.11
CACYSW010000002.1	77090	77962	-	FFNCOF_00274	32.2	5.0	PF13177.12|DNA_pol3_delta2	PFAM:PF13177.12
CACYSW010000002.1	78922	79878	-	FFNCOF_00276	35.0	8.3		
CACYSW010000002.1	81441	82475	+	FFNCOF_00278	37.8	5.0		
CACYSW010000002.1	82508	83272	-	FFNCOF_00279	28.1	5.3	PF03065.20|Glyco_hydro_57	PFAM:PF03065.20
CACYSW010000002.1	83359	84744	+	FFNCOF_00280	50.7	6.2	PF00070.33|Pyr_redox, PF02080.26|TrkA_C, PF02254.24|TrkA_N, PF02558.23|ApbA, PF02737.24|3HCDH_N, PF02826.25|2-Hacid_dh_C, PF03446.21|NAD_binding_2, PF07992.20|Pyr_redox_2, PF13241.12|NAD_binding_7	PFAM:PF00070.33, PFAM:PF02080.26, PFAM:PF02254.24, PFAM:PF02558.23, PFAM:PF02737.24, PFAM:PF02826.25, PFAM:PF03446.21, PFAM:PF07992.20, PFAM:PF13241.12
CACYSW010000002.1	84744	86192	+	FFNCOF_00281	53.1	9.2		
CACYSW010000002.1	89065	91545	+	FFNCOF_00285	92.7	5.5	PF00512.31|HisKA, PF02518.31|HATPase_c, PF14501.12|HATPase_c_5	PFAM:PF00512.31, PFAM:PF02518.31, PFAM:PF14501.12
CACYSW010000002.1	92498	93490	-	FFNCOF_00287	37.0	5.8		
CACYSW010000002.1	95048	95491	-	FFNCOF_00289	17.2	9.9		
CACYSW010000002.1	97557	98096	-	FFNCOF_00292	19.9	6.4	PF03861.19|ANTAR	PFAM:PF03861.19
CACYSW010000002.1	100834	101874	-	FFNCOF_00296	37.8	8.8		
CACYSW010000002.1	106535	106783	-	FFNCOF_00299	9.5	8.7		
CACYSW010000002.1	109443	110762	-	FFNCOF_00303	50.4	5.3	PF00004.35|AAA, PF00308.24|Bac_DnaA, PF00910.28|RNA_helicase, PF07693.20|KAP_NTPase, PF08299.17|Bac_DnaA_C, PF11638.13|DnaA_N	PFAM:PF00004.35, PFAM:PF00308.24, PFAM:PF00910.28, PFAM:PF07693.20, PFAM:PF08299.17, PFAM:PF11638.13
CACYSW010000002.1	111607	111846	+	FFNCOF_00304	8.8	10.6		
CACYSW010000002.1	112112	113059	+	FFNCOF_00306	35.9	9.3		
CACYSW010000002.1	113080	114039	+	FFNCOF_00307	35.5	8.8	PF01424.28|R3H, PF13083.13|KH_KhpA-B, PF14804.11|Jag_N	PFAM:PF01424.28, PFAM:PF13083.13, PFAM:PF14804.11
CACYSW010000002.1	118081	118626	+	FFNCOF_00311	21.0	7.5		
CACYSW010000002.1	121588	122187	+	FFNCOF_00315	22.6	4.8		
CACYSW010000002.1	125199	127427	+	FFNCOF_00319	79.0	5.7	PF00403.32|HMA, PF00702.32|Hydrolase, PF08282.18|Hydrolase_3	PFAM:PF00403.32, PFAM:PF00702.32, PFAM:PF08282.18
CACYSW010000002.1	127459	127662	+	FFNCOF_00320	7.1	6.7	PF00403.32|HMA	PFAM:PF00403.32
CACYSW010000002.1	127719	128582	-	FFNCOF_00321	31.7	8.5		
CACYSW010000002.1	128597	129298	-	FFNCOF_00322	26.3	5.0	PF04203.18|Sortase	PFAM:PF04203.18
CACYSW010000002.1	129288	129890	-	FFNCOF_00323	20.9	7.6		
CACYSW010000002.1	131290	131997	+	FFNCOF_00325	25.5	4.9		
CACYSW010000002.1	132066	132776	+	FFNCOF_00326	26.7	5.4		
CACYSW010000002.1	135788	136243	-	FFNCOF_00331	16.0	4.4	PF14478.12|DUF4430	PFAM:PF14478.12
CACYSW010000002.1	136571	141658	-	FFNCOF_00332	185.9	4.1	PF00404.24|Dockerin_1, PF13306.12|LRR_5, PF13855.12|LRR_8	PFAM:PF00404.24, PFAM:PF13306.12, PFAM:PF13855.12
CACYSW010000002.1	141907	142716	-	FFNCOF_00333	30.1	7.8	PF00924.24|MS_channel_2nd, PF21082.3|MS_channel_3rd	PFAM:PF00924.24, PFAM:PF21082.3
CACYSW010000002.1	142727	143437	-	FFNCOF_00334	26.4	9.2		
CACYSW010000002.1	144579	145136	+	FFNCOF_00336	21.3	5.0		
CACYSW010000002.1	147173	147850	-	FFNCOF_00340	24.4	4.8	PF01551.29|Peptidase_M23	PFAM:PF01551.29
CACYSW010000002.1	148798	150003	-	FFNCOF_00342	43.9	9.4		
CACYSW010000002.1	150272	150589	+	FFNCOF_00343	12.0	8.9	PF03551.20|PadR	PFAM:PF03551.20
CACYSW010000002.1	150586	151173	+	FFNCOF_00344	21.5	5.4	PF22564.2|HAAS	PFAM:PF22564.2
CACYSW010000002.1	151187	152179	+	FFNCOF_00345	35.3	4.2		
CACYSW010000002.1	152514	154856	+	FFNCOF_00347	85.0	6.5	PF19732.4|SpoIIE_N	PFAM:PF19732.4
CACYSW010000002.1	155033	156085	+	FFNCOF_00348	36.2	5.7		
CACYSW010000002.1	156106	157152	+	FFNCOF_00349	36.6	4.9		
CACYSW010000002.1	157172	157933	+	FFNCOF_00350	24.8	4.5		
CACYSW010000003.1	3713	4552	+	FFNCOF_00354	30.8	5.2		
CACYSW010000003.1	4545	5684	+	FFNCOF_00355	43.6	4.7	PF01841.26|Transglut_core, PF04473.18|DUF553	PFAM:PF01841.26, PFAM:PF04473.18
CACYSW010000003.1	13253	13726	+	FFNCOF_00364	17.8	6.2	PF13420.13|Acetyltransf_4, PF13508.13|Acetyltransf_7, PF13673.13|Acetyltransf_10	PFAM:PF13420.13, PFAM:PF13508.13, PFAM:PF13673.13
CACYSW010000003.1	16808	17980	+	FFNCOF_00370	44.3	5.1		
CACYSW010000003.1	21909	22796	+	FFNCOF_00374	34.6	4.8		
CACYSW010000003.1	22799	23542	+	FFNCOF_00375	28.4	5.2	PF13508.13|Acetyltransf_7, PF13527.13|Acetyltransf_9	PFAM:PF13508.13, PFAM:PF13527.13
CACYSW010000003.1	24097	24675	+	FFNCOF_00377	21.5	5.8		
CACYSW010000003.1	24691	26406	+	FFNCOF_00378	64.1	8.8		
CACYSW010000003.1	32339	33631	+	FFNCOF_00383	48.4	5.2	PF01979.26|Amidohydro_1, PF07969.17|Amidohydro_3	PFAM:PF01979.26, PFAM:PF07969.17
CACYSW010000003.1	35504	36175	+	FFNCOF_00386	25.2	9.8		
CACYSW010000003.1	36337	37896	+	FFNCOF_00387	56.2	5.2	PF01183.26|Glyco_hydro_25, PF19127.6|Choline_bind_3	PFAM:PF01183.26, PFAM:PF19127.6
CACYSW010000003.1	37945	38160	-	FFNCOF_00388	7.8	4.4		
CACYSW010000003.1	40771	41556	+	FFNCOF_00395	28.1	5.4	PF08032.17|SpoU_sub_bind, PF22435.1|MRM3-like_sub_bind	PFAM:PF08032.17, PFAM:PF22435.1
CACYSW010000003.1	41553	42764	+	FFNCOF_00396	44.0	5.2	PF17782.7|DprA_WH	PFAM:PF17782.7
CACYSW010000003.1	48886	52455	+	FFNCOF_00402	133.7	5.0	PF02463.25|SMC_N, PF06470.18|SMC_hinge, PF13166.12|AAA_13, PF13175.12|AAA_15, PF13304.12|AAA_21, PF13476.12|AAA_23	PFAM:PF02463.25, PFAM:PF06470.18, PFAM:PF13166.12, PFAM:PF13175.12, PFAM:PF13304.12, PFAM:PF13476.12
CACYSW010000003.1	52475	53776	+	FFNCOF_00403	47.3	4.5	PF00448.28|SRP54, PF02881.24|SRP54_N, PF13604.12|AAA_30	PFAM:PF00448.28, PFAM:PF02881.24, PFAM:PF13604.12
CACYSW010000003.1	54712	55338	+	FFNCOF_00406	24.4	7.0	PF01467.32|CTP_transf_like	PFAM:PF01467.32
CACYSW010000003.1	58734	58853	+	FFNCOF_00410	4.4	9.8		
CACYSW010000003.1	58853	60190	+	FFNCOF_00411	50.3	4.4	PF00135.34|COesterase, PF07859.19|Abhydrolase_3, PF20434.5|BD-FAE	PFAM:PF00135.34, PFAM:PF07859.19, PFAM:PF20434.5
CACYSW010000003.1	60177	60518	+	FFNCOF_00412	12.8	5.5	PF02156.21|Glyco_hydro_26	PFAM:PF02156.21
CACYSW010000003.1	60621	61184	+	FFNCOF_00413	22.0	4.8	PF02156.21|Glyco_hydro_26	PFAM:PF02156.21
CACYSW010000003.1	61281	62777	-	FFNCOF_00414	56.7	6.6	PF00198.28|2-oxoacid_dh	PFAM:PF00198.28
CACYSW010000003.1	62876	65134	-	FFNCOF_00415	84.6	6.6	PF14498.12|Glyco_hyd_65N_2, PF21307.2|Glyco_hydro_95_C, PF22124.2|Glyco_hydro_95_cat	PFAM:PF14498.12, PFAM:PF21307.2, PFAM:PF22124.2
CACYSW010000003.1	65270	66031	+	FFNCOF_00416	26.8	9.8		
CACYSW010000003.1	66716	67522	+	FFNCOF_00418	30.1	8.7	PF00753.33|Lactamase_B	PFAM:PF00753.33
CACYSW010000003.1	67524	68894	+	FFNCOF_00419	51.0	8.4		
CACYSW010000003.1	69012	70073	+	FFNCOF_00420	38.9	4.1	PF00404.24|Dockerin_1, PF13306.12|LRR_5, PF13855.12|LRR_8	PFAM:PF00404.24, PFAM:PF13306.12, PFAM:PF13855.12
CACYSW010000003.1	72265	73668	+	FFNCOF_00422	53.1	5.0		
CACYSW010000003.1	75234	76013	+	FFNCOF_00424	28.4	8.8		
CACYSW010000003.1	76065	76772	-	FFNCOF_00425	26.6	4.8	PF00149.33|Metallophos	PFAM:PF00149.33
CACYSW010000003.1	76860	77150	-	FFNCOF_00426	10.6	5.4		
CACYSW010000003.1	84478	84987	-	FFNCOF_00432	19.0	9.3		
CACYSW010000003.1	88531	89421	-	FFNCOF_00435	32.3	8.9	PF10035.14|DUF2179	PFAM:PF10035.14
CACYSW010000003.1	89699	90235	-	FFNCOF_00436	21.2	5.5		
CACYSW010000003.1	90839	91228	+	FFNCOF_00438	14.9	9.1		
CACYSW010000003.1	91291	92931	+	FFNCOF_00439	63.7	4.8		
CACYSW010000003.1	92957	94924	+	FFNCOF_00440	77.6	5.2		
CACYSW010000003.1	95928	96392	-	FFNCOF_00443	18.5	4.6		
CACYSW010000003.1	96456	97913	-	FFNCOF_00444	54.6	4.8	PF00079.25|Serpin	PFAM:PF00079.25
CACYSW010000003.1	98149	101328	-	FFNCOF_00445	118.1	4.4	PF00082.27|Peptidase_S8, PF00404.24|Dockerin_1, PF13287.12|Fn3_assoc, PF13290.12|CHB_HEX_C_1, PF13306.12|LRR_5, PF13855.12|LRR_8	PFAM:PF00082.27, PFAM:PF00404.24, PFAM:PF13287.12, PFAM:PF13290.12, PFAM:PF13306.12, PFAM:PF13855.12
CACYSW010000003.1	101334	102047	-	FFNCOF_00446	28.0	9.3		
CACYSW010000003.1	102207	103490	-	FFNCOF_00447	48.5	7.1	PF02518.31|HATPase_c, PF14501.12|HATPase_c_5	PFAM:PF02518.31, PFAM:PF14501.12
CACYSW010000003.1	108471	109712	-	FFNCOF_00453	46.3	9.1		
CACYSW010000003.1	109712	110716	-	FFNCOF_00454	38.5	7.1	PF18404.7|Glyco_transf_24	PFAM:PF18404.7
CACYSW010000003.1	110718	111569	-	FFNCOF_00455	32.9	5.9	PF04991.19|LicD	PFAM:PF04991.19
CACYSW010000003.1	115595	116254	-	FFNCOF_00459	24.9	6.3	PF13472.12|Lipase_GDSL_2	PFAM:PF13472.12
CACYSW010000003.1	116324	117106	+	FFNCOF_00460	28.9	6.5	PF00326.27|Peptidase_S9, PF07859.19|Abhydrolase_3, PF20434.5|BD-FAE	PFAM:PF00326.27, PFAM:PF07859.19, PFAM:PF20434.5
CACYSW010000003.1	118571	119320	+	FFNCOF_00463	29.6	5.2		
CACYSW010000003.1	119379	120221	+	FFNCOF_00464	32.4	5.0	PF00515.34|TPR_1, PF13181.12|TPR_8, PF13424.12|TPR_12	PFAM:PF00515.34, PFAM:PF13181.12, PFAM:PF13424.12
CACYSW010000003.1	122766	123005	+	FFNCOF_00467	9.5	4.7		
CACYSW010000003.1	125922	129296	+	FFNCOF_00470	127.1	5.0	PF12705.13|PDDEXK_1, PF13361.12|UvrD_C, PF21445.3|ADDB_N	PFAM:PF12705.13, PFAM:PF13361.12, PFAM:PF21445.3
CACYSW010000003.1	129289	132795	+	FFNCOF_00471	133.2	5.1	PF00580.27|UvrD-helicase, PF12705.13|PDDEXK_1, PF13245.12|AAA_19, PF13361.12|UvrD_C, PF13538.12|UvrD_C_2	PFAM:PF00580.27, PFAM:PF12705.13, PFAM:PF13245.12, PFAM:PF13361.12, PFAM:PF13538.12
CACYSW010000003.1	134890	136665	+	FFNCOF_00475	66.9	6.5	PF00772.26|DnaB, PF01807.25|Zn_ribbon_DnaG, PF08275.17|DNAG_N, PF10410.14|DnaB_bind, PF13362.12|Toprim_3, PF13662.12|Toprim_4	PFAM:PF00772.26, PFAM:PF01807.25, PFAM:PF08275.17, PFAM:PF10410.14, PFAM:PF13362.12, PFAM:PF13662.12
CACYSW010000003.1	139853	139954	+	FFNCOF_00478	3.4	9.6		
CACYSW010000003.1	139990	140712	+	FFNCOF_00479	27.7	8.6	PF00515.34|TPR_1, PF07719.23|TPR_2, PF13181.12|TPR_8	PFAM:PF00515.34, PFAM:PF07719.23, PFAM:PF13181.12
CACYSW010000003.1	157368	158753	+	FFNCOF_00497	49.9	5.3	PF18975.6|DUF5711	PFAM:PF18975.6
CACYSW010000003.1	158818	159543	+	FFNCOF_00498	26.1	7.7		
CACYSW010000003.1	164265	164765	+	FFNCOF_00503	18.7	5.3	PF01613.24|Flavin_Reduct	PFAM:PF01613.24
CACYSW010000004.1	339	881	-	FFNCOF_00505	20.3	4.5		
CACYSW010000004.1	1030	2046	+	FFNCOF_00506	37.2	5.4		
CACYSW010000004.1	2201	5122	+	FFNCOF_00507	105.7	4.4	PF02368.24|Big_2, PF13306.12|LRR_5	PFAM:PF02368.24, PFAM:PF13306.12
CACYSW010000004.1	5193	6671	-	FFNCOF_00508	54.4	4.9	PF02952.23|Fucose_iso_C	PFAM:PF02952.23
CACYSW010000004.1	8059	8217	-	FFNCOF_00510	5.8	5.5		
CACYSW010000004.1	8420	9946	+	FFNCOF_00511	57.2	9.2		
CACYSW010000004.1	9959	10903	+	FFNCOF_00512	35.1	5.4	PF12708.12|Pect-lyase_RHGA_epim	PFAM:PF12708.12
CACYSW010000004.1	10923	12278	+	FFNCOF_00513	51.5	5.5	PF00149.33|Metallophos	PFAM:PF00149.33
CACYSW010000004.1	14807	15358	-	FFNCOF_00515	20.9	8.7	PF03861.19|ANTAR	PFAM:PF03861.19
CACYSW010000004.1	18328	18486	+	FFNCOF_00518	6.1	4.4		
CACYSW010000004.1	20116	20277	+	FFNCOF_00520	6.2	10.3	PF03590.20|AsnA	PFAM:PF03590.20
CACYSW010000004.1	20777	23233	+	FFNCOF_00521	84.3	4.4	PF01391.23|Collagen, PF13306.12|LRR_5	PFAM:PF01391.23, PFAM:PF13306.12
CACYSW010000004.1	23266	23502	+	FFNCOF_00522	9.5	5.0		
CACYSW010000004.1	23947	24756	+	FFNCOF_00523	30.5	7.8		
CACYSW010000004.1	27325	27729	+	FFNCOF_00526	15.1	9.0	PF01381.28|HTH_3, PF07022.19|Phage_CI_repr, PF13443.12|HTH_26, PF13560.12|HTH_31	PFAM:PF01381.28, PFAM:PF07022.19, PFAM:PF13443.12, PFAM:PF13560.12
CACYSW010000004.1	27733	28293	+	FFNCOF_00527	21.6	4.5		
CACYSW010000004.1	29208	29720	+	FFNCOF_00529	18.8	9.6		SO:0001217, UniRef:UniRef50_A0A7X5D176
CACYSW010000004.1	29713	30177	+	FFNCOF_00530	18.1	4.3		
CACYSW010000004.1	31846	32952	+	FFNCOF_00533	41.2	6.6	PF01510.30|Amidase_2, PF08239.17|SH3_3	PFAM:PF01510.30, PFAM:PF08239.17
CACYSW010000004.1	33048	33635	-	FFNCOF_00534	21.9	9.7		
CACYSW010000004.1	33668	34330	-	FFNCOF_00535	25.0	9.4		
CACYSW010000004.1	34640	35380	+	FFNCOF_00536	27.9	7.6	PF00069.31|Pkinase, PF03109.22|ABC1, PF07714.23|PK_Tyr_Ser-Thr, PF17667.7|Pkinase_fungal	PFAM:PF00069.31, PFAM:PF03109.22, PFAM:PF07714.23, PFAM:PF17667.7
CACYSW010000004.1	35422	36951	-	FFNCOF_00537	55.8	5.3		
CACYSW010000004.1	36944	37399	-	FFNCOF_00538	17.1	6.4		
CACYSW010000004.1	37560	38543	+	FFNCOF_00539	34.8	4.7	PF00963.24|Cohesin, PF09479.16|Flg_new	PFAM:PF00963.24, PFAM:PF09479.16
CACYSW010000004.1	38570	42784	+	FFNCOF_00540	153.3	4.5	PF00404.24|Dockerin_1, PF00963.24|Cohesin, PF09479.16|Flg_new, PF13306.12|LRR_5	PFAM:PF00404.24, PFAM:PF00963.24, PFAM:PF09479.16, PFAM:PF13306.12
CACYSW010000004.1	42995	45631	+	FFNCOF_00541	92.3	4.1	PF00404.24|Dockerin_1, PF00963.24|Cohesin, PF13306.12|LRR_5, PF13855.12|LRR_8	PFAM:PF00404.24, PFAM:PF00963.24, PFAM:PF13306.12, PFAM:PF13855.12
CACYSW010000004.1	45881	48880	+	FFNCOF_00542	107.9	4.4	PF00404.24|Dockerin_1, PF12799.13|LRR_4, PF13306.12|LRR_5, PF13855.12|LRR_8, PF23952.1|LRR_EndoS	PFAM:PF00404.24, PFAM:PF12799.13, PFAM:PF13306.12, PFAM:PF13855.12, PFAM:PF23952.1
CACYSW010000004.1	48927	53021	+	FFNCOF_00543	148.9	4.3	PF00404.24|Dockerin_1, PF12799.13|LRR_4, PF13306.12|LRR_5, PF13855.12|LRR_8, PF23952.1|LRR_EndoS	PFAM:PF00404.24, PFAM:PF12799.13, PFAM:PF13306.12, PFAM:PF13855.12, PFAM:PF23952.1
CACYSW010000004.1	53119	59031	-	FFNCOF_00544	210.6	4.3	PF00404.24|Dockerin_1, PF02368.24|Big_2	PFAM:PF00404.24, PFAM:PF02368.24
CACYSW010000004.1	66825	69473	+	FFNCOF_00549	86.5	4.3	PF00404.24|Dockerin_1, PF18889.6|Beta_helix_3	PFAM:PF00404.24, PFAM:PF18889.6
CACYSW010000004.1	69585	72956	+	FFNCOF_00550	123.7	4.5	PF00404.24|Dockerin_1, PF09479.16|Flg_new, PF13306.12|LRR_5, PF13855.12|LRR_8, PF18998.6|Flg_new_2	PFAM:PF00404.24, PFAM:PF09479.16, PFAM:PF13306.12, PFAM:PF13855.12, PFAM:PF18998.6
CACYSW010000004.1	73817	75433	-	FFNCOF_00552	58.9	4.7		
CACYSW010000004.1	77549	78166	-	FFNCOF_00554	22.9	5.7	PF00440.29|TetR_N	PFAM:PF00440.29
CACYSW010000004.1	97723	97941	-	FFNCOF_00567	7.9	5.4	PF04014.23|MazE_antitoxin	PFAM:PF04014.23
CACYSW010000004.1	98102	98251	-	FFNCOF_00568	5.5	4.1		
CACYSW010000005.1	631	1554	+	FFNCOF_00569	35.0	6.0	PF01936.24|NYN, PF12872.13|OST-HTH	PFAM:PF01936.24, PFAM:PF12872.13
CACYSW010000005.1	3711	5615	-	FFNCOF_00572	71.9	5.6	PF00004.35|AAA, PF00005.33|ABC_tran, PF05729.18|NACHT, PF12848.13|ABC_tran_Xtn, PF13304.12|AAA_21, PF13555.12|AAA_29, PF16326.10|ABC_tran_CTD	PFAM:PF00004.35, PFAM:PF00005.33, PFAM:PF05729.18, PFAM:PF12848.13, PFAM:PF13304.12, PFAM:PF13555.12, PFAM:PF16326.10
CACYSW010000005.1	5619	6074	-	FFNCOF_00573	16.7	9.8	PF06738.18|ThrE, PF12821.13|ThrE_2	PFAM:PF06738.18, PFAM:PF12821.13
CACYSW010000005.1	6071	6832	-	FFNCOF_00574	27.0	8.4	PF06738.18|ThrE, PF12821.13|ThrE_2	PFAM:PF06738.18, PFAM:PF12821.13
CACYSW010000005.1	7123	9564	+	FFNCOF_00575	88.7	4.1		
CACYSW010000005.1	9716	10039	-	FFNCOF_00576	11.7	4.9	PF02036.22|SCP2	PFAM:PF02036.22
CACYSW010000005.1	10276	11211	+	FFNCOF_00577	34.7	5.3	PF00561.26|Abhydrolase_1, PF12146.15|Hydrolase_4	PFAM:PF00561.26, PFAM:PF12146.15
CACYSW010000005.1	15817	17721	+	FFNCOF_00581	70.2	5.4	PF02518.31|HATPase_c, PF08676.16|MutL_C, PF13589.12|HATPase_c_3	PFAM:PF02518.31, PFAM:PF08676.16, PFAM:PF13589.12
CACYSW010000005.1	18656	19909	+	FFNCOF_00583	46.2	4.8		
CACYSW010000005.1	20631	21110	+	FFNCOF_00585	18.0	4.6		
CACYSW010000005.1	21132	22280	+	FFNCOF_00586	42.8	4.1		
CACYSW010000005.1	22295	22783	+	FFNCOF_00587	17.5	5.6		
CACYSW010000005.1	25452	25595	-	FFNCOF_00591	5.4	9.5		
CACYSW010000005.1	25692	27677	+	FFNCOF_00592	75.6	5.4	PF00204.31|DNA_gyraseB, PF02518.31|HATPase_c	PFAM:PF00204.31, PFAM:PF02518.31
CACYSW010000005.1	30358	30873	-	FFNCOF_00594	19.1	9.5		
CACYSW010000005.1	30870	31502	-	FFNCOF_00595	24.0	4.5		
CACYSW010000005.1	34605	35921	+	FFNCOF_00598	49.5	5.9	PF00149.33|Metallophos	PFAM:PF00149.33
CACYSW010000005.1	42030	42806	-	FFNCOF_00602	28.3	9.4	PF02698.23|DUF218	PFAM:PF02698.23
CACYSW010000005.1	42820	43449	-	FFNCOF_00603	23.4	5.1		
CACYSW010000005.1	45097	45750	-	FFNCOF_00605	25.1	5.7	PF00440.29|TetR_N	PFAM:PF00440.29
CACYSW010000005.1	47618	48538	+	FFNCOF_00608	34.0	5.1	PF00389.36|2-Hacid_dh, PF01262.27|AlaDh_PNT_C, PF02826.25|2-Hacid_dh_C, PF03446.21|NAD_binding_2	PFAM:PF00389.36, PFAM:PF01262.27, PFAM:PF02826.25, PFAM:PF03446.21
CACYSW010000005.1	50980	51969	+	FFNCOF_00611	37.9	9.7	PF01757.29|Acyl_transf_3	PFAM:PF01757.29
CACYSW010000005.1	52967	53968	+	FFNCOF_00613	37.8	8.0	PF00535.33|Glycos_transf_2, PF13641.12|Glyco_tranf_2_3	PFAM:PF00535.33, PFAM:PF13641.12
CACYSW010000005.1	53973	55253	+	FFNCOF_00614	49.1	9.0	PF13524.12|Glyco_trans_1_2	PFAM:PF13524.12
CACYSW010000005.1	55269	56162	+	FFNCOF_00615	35.6	6.4		
CACYSW010000005.1	56186	57427	+	FFNCOF_00616	47.1	9.0		
CACYSW010000005.1	58767	59993	+	FFNCOF_00618	46.6	9.6		
CACYSW010000005.1	60982	62124	+	FFNCOF_00620	44.3	7.1	PF13477.12|Glyco_trans_4_2	PFAM:PF13477.12
CACYSW010000005.1	62121	63071	+	FFNCOF_00621	35.6	9.9	PF01757.29|Acyl_transf_3	PFAM:PF01757.29
CACYSW010000005.1	63082	64623	+	FFNCOF_00622	56.9	9.6		
CACYSW010000005.1	64627	65841	+	FFNCOF_00623	45.9	7.2	PF13439.12|Glyco_transf_4, PF13692.12|Glyco_trans_1_4	PFAM:PF13439.12, PFAM:PF13692.12
CACYSW010000005.1	65868	67169	+	FFNCOF_00624	49.5	9.6		
CACYSW010000005.1	67191	68249	+	FFNCOF_00625	40.7	8.6		
CACYSW010000005.1	69780	70940	+	FFNCOF_00627	43.3	8.5	PF00037.32|Fer4, PF04432.18|FrhB_FdhB_C, PF12797.12|Fer4_2, PF12837.12|Fer4_6, PF12838.12|Fer4_7, PF13237.11|Fer4_10	PFAM:PF00037.32, PFAM:PF04432.18, PFAM:PF12797.12, PFAM:PF12837.12, PFAM:PF12838.12, PFAM:PF13237.11
CACYSW010000005.1	70972	71877	+	FFNCOF_00628	35.0	6.9		
CACYSW010000005.1	75891	76547	+	FFNCOF_00633	24.9	6.3		
CACYSW010000005.1	76722	77603	+	FFNCOF_00634	29.6	4.4		
CACYSW010000005.1	77723	78487	+	FFNCOF_00635	27.0	4.5		
CACYSW010000005.1	81819	82691	+	FFNCOF_00640	32.0	7.4	PF00288.32|GHMP_kinases_N, PF08544.19|GHMP_kinases_C	PFAM:PF00288.32, PFAM:PF08544.19
CACYSW010000005.1	82743	83375	+	FFNCOF_00641	23.1	5.1		
CACYSW010000005.1	83332	83868	+	FFNCOF_00642	20.0	8.9		
CACYSW010000005.1	86395	87309	+	FFNCOF_00645	33.8	5.0	PF02687.27|FtsX, PF18075.7|FtsX_ECD	PFAM:PF02687.27, PFAM:PF18075.7
CACYSW010000005.1	87302	88552	+	FFNCOF_00646	45.9	5.4	PF01551.29|Peptidase_M23, PF24568.1|CC_PcsB	PFAM:PF01551.29, PFAM:PF24568.1
CACYSW010000005.1	88585	89796	+	FFNCOF_00647	43.3	4.6	PF00595.29|PDZ, PF13180.12|PDZ_2, PF17820.7|PDZ_6	PFAM:PF00595.29, PFAM:PF13180.12, PFAM:PF17820.7
CACYSW010000005.1	89845	90621	+	FFNCOF_00648	29.3	8.4		
CACYSW010000005.1	93299	93706	+	FFNCOF_00651	15.0	9.7		
CACYSW010000005.1	94205	94687	+	FFNCOF_00653	18.0	4.1		
CACYSW010000005.1	96741	97130	-	FFNCOF_00655	14.2	9.0		
CACYSW010000006.1	253	1539	-	FFNCOF_00656	48.4	4.6	PF13306.12|LRR_5	PFAM:PF13306.12
CACYSW010000006.1	4880	6571	-	FFNCOF_00659	60.5	4.8	PF00089.32|Trypsin, PF13180.12|PDZ_2, PF13365.12|Trypsin_2	PFAM:PF00089.32, PFAM:PF13180.12, PFAM:PF13365.12
CACYSW010000006.1	9001	10047	-	FFNCOF_00662	39.0	4.9		
CACYSW010000006.1	10178	10927	+	FFNCOF_00663	27.9	7.6	PF02597.26|ThiS, PF16697.10|Yop-YscD_cpl	PFAM:PF02597.26, PFAM:PF16697.10
CACYSW010000006.1	13764	14783	-	FFNCOF_00666	38.3	7.9		
CACYSW010000006.1	15953	16969	+	FFNCOF_00668	37.8	5.1	PF00753.33|Lactamase_B, PF12706.13|Lactamase_B_2	PFAM:PF00753.33, PFAM:PF12706.13
CACYSW010000006.1	17024	17548	-	FFNCOF_00669	20.2	8.5		
CACYSW010000006.1	17561	18313	-	FFNCOF_00670	29.3	6.0	PF15956.11|DUF4760	PFAM:PF15956.11
CACYSW010000006.1	18484	18723	+	FFNCOF_00671	9.1	5.1		
CACYSW010000006.1	18868	20865	+	FFNCOF_00672	76.6	5.9	PF01055.32|Glyco_hydro_31_2nd, PF21365.3|Glyco_hydro_31_3rd	PFAM:PF01055.32, PFAM:PF21365.3
CACYSW010000006.1	25984	26721	+	FFNCOF_00678	26.7	9.6		
CACYSW010000006.1	26785	27324	+	FFNCOF_00679	20.5	4.9	PF02915.23|Rubrerythrin, PF21349.2|RUBY_RBDX	PFAM:PF02915.23, PFAM:PF21349.2
CACYSW010000006.1	27409	27498	+	FFNCOF_00680	3.5	9.2		
CACYSW010000006.1	30509	31786	+	FFNCOF_00684	45.1	4.8		
CACYSW010000006.1	35482	36285	+	FFNCOF_00688	30.0	6.2	PF08241.18|Methyltransf_11, PF13489.12|Methyltransf_23, PF13649.12|Methyltransf_25, PF13847.12|Methyltransf_31, PF21302.3|Zn_ribbon_RlmA	PFAM:PF08241.18, PFAM:PF13489.12, PFAM:PF13649.12, PFAM:PF13847.12, PFAM:PF21302.3
CACYSW010000006.1	36354	36713	+	FFNCOF_00689	13.6	5.0		
CACYSW010000006.1	36710	38746	+	FFNCOF_00690	74.8	8.1		
CACYSW010000006.1	39186	39581	+	FFNCOF_00692	14.4	9.8		
CACYSW010000006.1	39687	41369	+	FFNCOF_00693	62.2	5.2	PF00069.31|Pkinase, PF03793.24|PASTA	PFAM:PF00069.31, PFAM:PF03793.24
CACYSW010000006.1	41589	43619	+	FFNCOF_00694	74.6	5.0	PF01368.27|DHH, PF02272.25|DHHA1, PF17768.7|RecJ_OB	PFAM:PF01368.27, PFAM:PF02272.25, PFAM:PF17768.7
CACYSW010000006.1	46941	48398	+	FFNCOF_00698	55.2	5.4	PF04055.27|Radical_SAM	PFAM:PF04055.27
CACYSW010000006.1	48408	49331	+	FFNCOF_00699	34.9	6.5	PF00485.24|PRK	PFAM:PF00485.24
CACYSW010000006.1	53493	53795	-	FFNCOF_00705	11.1	6.3	PF05239.21|PRC	PFAM:PF05239.21
CACYSW010000006.1	55468	56919	+	FFNCOF_00708	54.0	4.9	PF00512.31|HisKA, PF00672.30|HAMP, PF02518.31|HATPase_c	PFAM:PF00512.31, PFAM:PF00672.30, PFAM:PF02518.31
CACYSW010000006.1	57145	57945	+	FFNCOF_00709	31.2	5.9		
CACYSW010000006.1	57972	59006	+	FFNCOF_00710	38.7	4.9	PF01381.28|HTH_3, PF07022.19|Phage_CI_repr, PF12844.13|HTH_19, PF13560.12|HTH_31	PFAM:PF01381.28, PFAM:PF07022.19, PFAM:PF12844.13, PFAM:PF13560.12
CACYSW010000006.1	61744	62181	+	FFNCOF_00712	16.5	8.5		
CACYSW010000006.1	62304	63200	-	FFNCOF_00713	34.5	8.3	PF07859.19|Abhydrolase_3	PFAM:PF07859.19
CACYSW010000006.1	71602	72285	+	FFNCOF_00723	27.2	8.2	PF09365.15|DUF2461	PFAM:PF09365.15
CACYSW010000006.1	72320	72949	-	FFNCOF_00724	23.1	9.0	PF08241.18|Methyltransf_11, PF08242.18|Methyltransf_12, PF13489.12|Methyltransf_23, PF13649.12|Methyltransf_25, PF13847.12|Methyltransf_31	PFAM:PF08241.18, PFAM:PF08242.18, PFAM:PF13489.12, PFAM:PF13649.12, PFAM:PF13847.12
CACYSW010000006.1	72951	73811	-	FFNCOF_00725	33.4	8.8	PF00929.31|RNase_T	PFAM:PF00929.31
CACYSW010000006.1	75171	76094	+	FFNCOF_00728	33.9	8.5		
CACYSW010000006.1	81758	83014	+	FFNCOF_00733	44.6	5.0	PF03990.20|DUF348, PF06725.17|3D, PF07501.17|G5	PFAM:PF03990.20, PFAM:PF06725.17, PFAM:PF07501.17
CACYSW010000006.1	83158	84858	-	FFNCOF_00734	63.0	8.8	PF13687.11|DUF4153	PFAM:PF13687.11
CACYSW010000006.1	85076	85522	-	FFNCOF_00736	16.6	9.3		
CACYSW010000006.1	87149	88735	-	FFNCOF_00738	56.4	4.6		
CACYSW010000006.1	88844	89350	+	FFNCOF_00739	19.2	4.6		
CACYSW010000006.1	93683	94324	+	FFNCOF_00743	23.9	5.6	PF02965.22|Met_synt_B12	PFAM:PF02965.22
CACYSW010000006.1	100293	100829	+	FFNCOF_00749	20.7	9.0		
CACYSW010000006.1	100925	102031	+	FFNCOF_00750	40.6	5.3	PF01381.28|HTH_3, PF13560.12|HTH_31	PFAM:PF01381.28, PFAM:PF13560.12
CACYSW010000006.1	102169	102948	+	FFNCOF_00751	30.5	5.3		
CACYSW010000006.1	103116	103322	+	FFNCOF_00752	8.2	5.7		
CACYSW010000006.1	103776	105383	+	FFNCOF_00753	58.1	5.3	PF00905.27|Transpeptidase	PFAM:PF00905.27
CACYSW010000006.1	105477	106730	+	FFNCOF_00754	44.6	5.0	PF13180.12|PDZ_2, PF17820.7|PDZ_6	PFAM:PF13180.12, PFAM:PF17820.7
CACYSW010000006.1	106955	107986	+	FFNCOF_00755	37.4	5.4		
CACYSW010000006.1	107988	108527	+	FFNCOF_00756	20.3	4.7		
CACYSW010000006.1	112238	113074	-	FFNCOF_00760	31.0	5.4	PF02826.25|2-Hacid_dh_C, PF16924.11|DpaA_N	PFAM:PF02826.25, PFAM:PF16924.11
CACYSW010000006.1	116003	116158	+	FFNCOF_00763	6.1	5.0		
CACYSW010000006.1	122017	122640	+	FFNCOF_00769	24.1	6.1	PF02631.22|RecX_HTH2, PF21982.2|RecX_HTH1	PFAM:PF02631.22, PFAM:PF21982.2
CACYSW010000006.1	126853	127617	+	FFNCOF_00774	27.6	4.1		
CACYSW010000006.1	127744	128790	+	FFNCOF_00775	38.9	4.7		
CACYSW010000006.1	131648	133114	-	FFNCOF_00778	55.8	5.9	PF00150.24|Cellulase, PF18564.7|Glyco_hydro_5_C	PFAM:PF00150.24, PFAM:PF18564.7
CACYSW010000006.1	133276	133638	+	FFNCOF_00779	13.8	5.4		
CACYSW010000006.1	134584	136581	-	FFNCOF_00781	70.9	5.0	PF00702.32|Hydrolase, PF08282.18|Hydrolase_3	PFAM:PF00702.32, PFAM:PF08282.18
CACYSW010000006.1	137587	137742	-	FFNCOF_00784	5.6	9.5		
CACYSW010000006.1	137803	138114	-	FFNCOF_00785	11.9	9.4		
CACYSW010000006.1	138302	139222	+	FFNCOF_00786	34.0	9.0	PF10035.14|DUF2179	PFAM:PF10035.14
CACYSW010000006.1	143241	143849	+	FFNCOF_00790	23.7	5.3	PF00702.32|Hydrolase	PFAM:PF00702.32
CACYSW010000007.1	364	612	-	FFNCOF_00792	9.8	10.2		
CACYSW010000007.1	4450	4938	+	FFNCOF_00796	18.6	5.7		
CACYSW010000007.1	4941	6041	+	FFNCOF_00797	41.1	5.2	PF04055.27|Radical_SAM, PF06969.22|HemN_C	PFAM:PF04055.27, PFAM:PF06969.22
CACYSW010000007.1	7029	7523	+	FFNCOF_00799	18.3	5.2	PF22043.2|DUF6935	PFAM:PF22043.2
CACYSW010000007.1	10200	11102	-	FFNCOF_00802	34.5	4.8	PF09397.16|FtsK_gamma	PFAM:PF09397.16
CACYSW010000007.1	11118	12059	-	FFNCOF_00803	34.8	9.1		
CACYSW010000007.1	12142	13170	-	FFNCOF_00804	40.3	5.0		
CACYSW010000007.1	13350	14126	-	FFNCOF_00805	30.6	7.0		
CACYSW010000007.1	14240	14389	-	FFNCOF_00806	5.6	9.1		
CACYSW010000007.1	14524	14709	+	FFNCOF_00807	7.1	5.3		
CACYSW010000007.1	14928	15557	+	FFNCOF_00808	24.5	4.6		
CACYSW010000007.1	15575	15955	+	FFNCOF_00809	14.8	4.2		
CACYSW010000007.1	16052	17191	+	FFNCOF_00810	44.2	4.9		
CACYSW010000007.1	17225	17923	-	FFNCOF_00811	26.5	4.6	PF00149.33|Metallophos	PFAM:PF00149.33
CACYSW010000007.1	17920	18651	-	FFNCOF_00812	28.5	8.2		
CACYSW010000007.1	18963	19631	-	FFNCOF_00813	26.1	5.0		
CACYSW010000007.1	19801	20808	-	FFNCOF_00814	39.0	5.6		
CACYSW010000007.1	21059	21337	-	FFNCOF_00815	10.3	4.6		
CACYSW010000007.1	21353	21817	-	FFNCOF_00816	17.1	4.9		
CACYSW010000007.1	21902	22075	-	FFNCOF_00817	6.7	6.1		
CACYSW010000007.1	23052	23300	-	FFNCOF_00819	9.4	5.7		
CACYSW010000007.1	23313	23762	-	FFNCOF_00820	17.3	5.6		
CACYSW010000007.1	23725	24171	-	FFNCOF_00821	17.2	5.5		
CACYSW010000007.1	24656	25315	-	FFNCOF_00823	24.5	4.4	PF00805.28|Pentapeptide, PF13576.12|Pentapeptide_3, PF13599.12|Pentapeptide_4	PFAM:PF00805.28, PFAM:PF13576.12, PFAM:PF13599.12
CACYSW010000007.1	25318	26328	-	FFNCOF_00824	39.6	4.8		
CACYSW010000007.1	26434	26589	+	FFNCOF_00825	6.1	10.2		
CACYSW010000007.1	26969	27658	-	FFNCOF_00826	26.2	6.7		
CACYSW010000007.1	27663	29681	-	FFNCOF_00827	77.1	5.4	PF00004.35|AAA, PF07728.20|AAA_5, PF17866.7|AAA_lid_6	PFAM:PF00004.35, PFAM:PF07728.20, PFAM:PF17866.7
CACYSW010000007.1	31731	32252	-	FFNCOF_00830	20.4	6.0		
CACYSW010000007.1	32382	33404	-	FFNCOF_00831	39.8	5.4		
CACYSW010000007.1	33344	34069	-	FFNCOF_00832	28.1	5.5	PF08238.18|Sel1	PFAM:PF08238.18
CACYSW010000007.1	34158	36719	-	FFNCOF_00833	96.2	5.2	PF07733.18|DNA_pol3_alpha, PF17657.6|DNA_pol3_finger	PFAM:PF07733.18, PFAM:PF17657.6
CACYSW010000007.1	36865	38229	-	FFNCOF_00834	52.4	4.5		
CACYSW010000007.1	38269	39639	-	FFNCOF_00835	53.5	4.6	PF17764.6|PriA_3primeBD	PFAM:PF17764.6
CACYSW010000007.1	40063	40830	-	FFNCOF_00837	29.9	4.7		
CACYSW010000007.1	40831	41709	-	FFNCOF_00838	34.9	4.8	PF08238.18|Sel1	PFAM:PF08238.18
CACYSW010000007.1	42112	43032	-	FFNCOF_00839	36.2	9.0	PF08867.16|FRG	PFAM:PF08867.16
CACYSW010000007.1	43124	45529	-	FFNCOF_00840	91.4	5.2	PF13176.12|TPR_7, PF13428.12|TPR_14, PF13676.11|TIR_2	PFAM:PF13176.12, PFAM:PF13428.12, PFAM:PF13676.11
CACYSW010000007.1	45542	46063	-	FFNCOF_00841	18.8	6.8		
CACYSW010000007.1	46082	47197	-	FFNCOF_00842	42.3	4.7		
CACYSW010000007.1	47199	47882	-	FFNCOF_00843	25.0	8.7		
CACYSW010000007.1	47895	49046	-	FFNCOF_00844	42.2	5.2	PF13421.11|Band_7_1	PFAM:PF13421.11
CACYSW010000007.1	49059	50777	-	FFNCOF_00845	63.8	5.6	PF01580.24|FtsK_SpoIIIE, PF01935.23|DUF87, PF09397.16|FtsK_gamma	PFAM:PF01580.24, PFAM:PF01935.23, PFAM:PF09397.16
CACYSW010000007.1	52859	53083	+	FFNCOF_00848	8.3	4.4		
CACYSW010000007.1	53397	54488	-	FFNCOF_00849	40.8	5.0		
CACYSW010000007.1	54739	55974	+	FFNCOF_00850	48.3	5.5		
CACYSW010000007.1	55977	56126	+	FFNCOF_00851	6.1	4.1		
CACYSW010000007.1	57487	58038	+	FFNCOF_00853	20.7	7.6		
CACYSW010000007.1	61198	61386	-	FFNCOF_00855	6.4	10.1		
CACYSW010000007.1	61373	62479	-	FFNCOF_00856	41.7	4.4		
CACYSW010000007.1	62569	63120	-	FFNCOF_00857	21.5	6.6		
CACYSW010000007.1	63117	63788	-	FFNCOF_00858	26.3	5.3		
CACYSW010000007.1	63785	65044	-	FFNCOF_00859	48.0	8.0	PF01420.25|Methylase_S	PFAM:PF01420.25
CACYSW010000007.1	65037	65414	-	FFNCOF_00860	14.2	6.7		
CACYSW010000007.1	65414	67198	-	FFNCOF_00861	67.2	4.8	PF07669.17|Eco57I, PF12161.14|HsdM_N	PFAM:PF07669.17, PFAM:PF12161.14
CACYSW010000007.1	67418	68701	-	FFNCOF_00862	49.1	5.3		
CACYSW010000007.1	68722	69018	-	FFNCOF_00863	11.4	4.4		
CACYSW010000007.1	69054	69620	-	FFNCOF_00864	21.5	5.3		
CACYSW010000007.1	69559	69798	-	FFNCOF_00865	9.6	4.1		
CACYSW010000007.1	69974	70132	-	FFNCOF_00866	6.2	4.3		
CACYSW010000007.1	70976	73741	-	FFNCOF_00867	106.4	8.2		
CACYSW010000007.1	73728	74864	-	FFNCOF_00868	45.3	5.0		
CACYSW010000007.1	74869	75486	-	FFNCOF_00869	23.6	4.8		
CACYSW010000007.1	75574	75762	-	FFNCOF_00870	7.1	9.4		
CACYSW010000007.1	76554	77708	+	FFNCOF_00871	43.3	5.7	PF13306.12|LRR_5, PF13855.12|LRR_8	PFAM:PF13306.12, PFAM:PF13855.12
CACYSW010000007.1	78004	79173	+	FFNCOF_00872	45.7	4.9		
CACYSW010000007.1	79515	80252	+	FFNCOF_00873	29.3	4.9		
CACYSW010000007.1	80629	81492	-	FFNCOF_00875	32.4	6.3		
CACYSW010000007.1	82056	83528	-	FFNCOF_00876	57.0	6.2		
CACYSW010000007.1	83987	84139	+	FFNCOF_00877	5.8	10.1		
CACYSW010000007.1	84737	84964	+	FFNCOF_00878	8.7	5.1		
CACYSW010000007.1	85314	85436	+	FFNCOF_00879	4.6	4.1		
CACYSW010000007.1	85436	87280	+	FFNCOF_00880	70.8	8.7	PF00239.26|Resolvase, PF07508.19|Recombinase	PFAM:PF00239.26, PFAM:PF07508.19
CACYSW010000007.1	91397	91669	-	FFNCOF_00883	10.6	9.0		
CACYSW010000007.1	91708	94857	-	FFNCOF_00884	107.7	4.4	PF01391.23|Collagen, PF13306.12|LRR_5	PFAM:PF01391.23, PFAM:PF13306.12
CACYSW010000007.1	99374	100147	+	FFNCOF_00887	27.5	5.1	PF00106.31|adh_short, PF13561.12|adh_short_C2, PF23441.1|SDR	PFAM:PF00106.31, PFAM:PF13561.12, PFAM:PF23441.1
CACYSW010000007.1	100418	100822	+	FFNCOF_00888	15.6	10.1		
CACYSW010000007.1	105063	105392	-	FFNCOF_00894	10.5	4.6		
CACYSW010000007.1	105450	106793	-	FFNCOF_00895	49.1	4.9	PF14620.12|YPEB_PepSY1-2, PF20769.2|YPEB_N	PFAM:PF14620.12, PFAM:PF20769.2
CACYSW010000007.1	109719	110906	+	FFNCOF_00899	45.4	5.0	PF04203.18|Sortase	PFAM:PF04203.18
CACYSW010000007.1	110906	112234	+	FFNCOF_00900	50.7	4.8	PF04203.18|Sortase	PFAM:PF04203.18
CACYSW010000008.1	278	784	+	FFNCOF_00901	19.8	6.6	PF04542.20|Sigma70_r2, PF08281.18|Sigma70_r4_2	PFAM:PF04542.20, PFAM:PF08281.18
CACYSW010000008.1	777	1763	+	FFNCOF_00902	37.6	5.0	PF13490.11|zf-HC2	PFAM:PF13490.11
CACYSW010000008.1	5880	6737	-	FFNCOF_00908	32.5	5.2		
CACYSW010000008.1	9275	10420	-	FFNCOF_00911	43.9	6.1	PF14907.12|NTP_transf_5	PFAM:PF14907.12
CACYSW010000008.1	13787	14452	-	FFNCOF_00915	25.5	5.7		
CACYSW010000008.1	16401	17072	-	FFNCOF_00917	25.2	5.5		
CACYSW010000008.1	22497	24869	+	FFNCOF_00924	87.1	7.8	PF00905.27|Transpeptidase, PF00912.28|Transgly	PFAM:PF00905.27, PFAM:PF00912.28
CACYSW010000008.1	32707	34572	+	FFNCOF_00930	72.5	9.5	PF00078.32|RVT_1	PFAM:PF00078.32
CACYSW010000008.1	34672	36117	+	FFNCOF_00931	53.9	8.0	PF01336.31|tRNA_anti-codon, PF14579.12|HHH_6, PF17657.6|DNA_pol3_finger	PFAM:PF01336.31, PFAM:PF14579.12, PFAM:PF17657.6
CACYSW010000008.1	37906	38265	+	FFNCOF_00934	12.9	5.0	PF13306.12|LRR_5	PFAM:PF13306.12
CACYSW010000008.1	38428	39012	+	FFNCOF_00935	21.1	4.5		
CACYSW010000008.1	43850	44335	+	FFNCOF_00944	18.0	6.4		
CACYSW010000008.1	46761	47732	+	FFNCOF_00947	36.8	5.2		
CACYSW010000008.1	48772	49134	+	FFNCOF_00949	13.5	4.8		
CACYSW010000008.1	49137	49472	+	FFNCOF_00950	13.1	9.3		
CACYSW010000008.1	49486	49911	+	FFNCOF_00951	15.7	4.5		
CACYSW010000008.1	53553	54269	+	FFNCOF_00954	28.0	7.5	PF08713.17|DNA_alkylation	PFAM:PF08713.17
CACYSW010000008.1	54460	55086	+	FFNCOF_00955	23.0	8.2	PF00027.35|cNMP_binding, PF13545.12|HTH_Crp_2	PFAM:PF00027.35, PFAM:PF13545.12
CACYSW010000008.1	56873	57433	+	FFNCOF_00958	20.6	5.3	PF00005.33|ABC_tran, PF13304.12|AAA_21	PFAM:PF00005.33, PFAM:PF13304.12
CACYSW010000008.1	57571	58626	+	FFNCOF_00959	38.2	8.7		
CACYSW010000008.1	62808	63341	+	FFNCOF_00965	19.4	4.6		
CACYSW010000008.1	63910	64632	+	FFNCOF_00967	26.5	6.9	PF01479.30|S4	PFAM:PF01479.30
CACYSW010000008.1	64681	65289	+	FFNCOF_00968	22.9	5.2		
CACYSW010000008.1	65378	66934	+	FFNCOF_00969	59.1	6.8	PF00728.28|Glyco_hydro_20, PF02838.20|Glyco_hydro_20b	PFAM:PF00728.28, PFAM:PF02838.20
CACYSW010000008.1	68592	69470	+	FFNCOF_00971	32.1	5.3		
CACYSW010000008.1	69508	70182	-	FFNCOF_00972	25.4	5.5	PF13263.12|PHP_C	PFAM:PF13263.12
CACYSW010000008.1	71002	72600	+	FFNCOF_00974	59.4	4.5	PF00496.27|SBP_bac_5	PFAM:PF00496.27
CACYSW010000008.1	72597	73064	+	FFNCOF_00975	17.3	8.2		
CACYSW010000008.1	76361	77533	+	FFNCOF_00979	43.2	8.1	PF01467.32|CTP_transf_like, PF08218.17|Citrate_ly_lig	PFAM:PF01467.32, PFAM:PF08218.17
CACYSW010000008.1	80362	81138	+	FFNCOF_00983	29.7	6.5	PF08241.18|Methyltransf_11, PF13489.12|Methyltransf_23, PF13649.12|Methyltransf_25, PF13847.12|Methyltransf_31	PFAM:PF08241.18, PFAM:PF13489.12, PFAM:PF13649.12, PFAM:PF13847.12
CACYSW010000008.1	81151	81738	+	FFNCOF_00984	22.7	5.5		
CACYSW010000008.1	81741	82856	+	FFNCOF_00985	43.7	5.5		
CACYSW010000008.1	88199	88453	+	FFNCOF_00990	9.4	6.2		
CACYSW010000008.1	91800	92588	+	FFNCOF_00994	27.9	5.1	PF02153.23|PDH_N, PF02558.23|ApbA, PF03446.21|NAD_binding_2, PF10727.15|Rossmann-like, PF14748.11|P5CR_dimer	PFAM:PF02153.23, PFAM:PF02558.23, PFAM:PF03446.21, PFAM:PF10727.15, PFAM:PF14748.11
CACYSW010000008.1	92668	93861	+	FFNCOF_00995	42.1	5.3	PF00404.24|Dockerin_1, PF13306.12|LRR_5	PFAM:PF00404.24, PFAM:PF13306.12
CACYSW010000008.1	93910	94881	-	FFNCOF_00996	37.1	5.3	PF00004.35|AAA, PF00308.24|Bac_DnaA, PF01695.23|IstB_IS21	PFAM:PF00004.35, PFAM:PF00308.24, PFAM:PF01695.23
CACYSW010000008.1	94871	95878	-	FFNCOF_00997	37.5	5.7		
CACYSW010000008.1	97026	98339	+	FFNCOF_01000	47.7	8.2		
CACYSW010000008.1	100087	100296	+	FFNCOF_01002	7.5	4.5		
CACYSW010000008.1	100293	100544	+	FFNCOF_01003	10.1	6.1	PF12652.12|CotJB	PFAM:PF12652.12
CACYSW010000008.1	101481	106670	+	FFNCOF_01005	188.5	4.3	PF00404.24|Dockerin_1, PF03382.20|DUF285, PF13306.12|LRR_5, PF18998.6|Flg_new_2	PFAM:PF00404.24, PFAM:PF03382.20, PFAM:PF13306.12, PFAM:PF18998.6
CACYSW010000008.1	106862	109855	+	FFNCOF_01006	107.9	4.3	PF00404.24|Dockerin_1, PF13306.12|LRR_5, PF18998.6|Flg_new_2	PFAM:PF00404.24, PFAM:PF13306.12, PFAM:PF18998.6
CACYSW010000008.1	110053	111405	+	FFNCOF_01007	48.8	5.6	PF07694.17|5TM-5TMR_LYT	PFAM:PF07694.17
CACYSW010000008.1	111450	112073	+	FFNCOF_01008	22.9	4.2		
CACYSW010000008.1	112505	113053	+	FFNCOF_01009	20.5	6.8		
CACYSW010000008.1	113120	114217	+	FFNCOF_01010	41.1	5.6	PF00149.33|Metallophos	PFAM:PF00149.33
CACYSW010000008.1	114237	114512	+	FFNCOF_01011	10.5	9.2		
CACYSW010000008.1	118313	119785	-	FFNCOF_01016	54.8	8.8		
CACYSW010000008.1	119881	121155	+	FFNCOF_01017	47.2	5.1	PF02875.26|Mur_ligase_C, PF08245.18|Mur_ligase_M	PFAM:PF02875.26, PFAM:PF08245.18
CACYSW010000008.1	121138	121452	-	FFNCOF_01018	11.7	9.7		
CACYSW010000009.1	2451	3614	-	FFNCOF_01021	42.2	8.6		
CACYSW010000009.1	4152	4847	+	FFNCOF_01023	25.6	6.2		
CACYSW010000009.1	6041	6601	-	FFNCOF_01026	20.7	9.1	PF02698.23|DUF218	PFAM:PF02698.23
CACYSW010000009.1	6669	7745	-	FFNCOF_01027	40.3	4.5		
CACYSW010000009.1	9143	10111	-	FFNCOF_01029	33.7	5.2		
CACYSW010000009.1	15821	16219	+	FFNCOF_01036	14.8	9.5		
CACYSW010000009.1	16280	16687	+	FFNCOF_01037	14.7	10.0		
CACYSW010000009.1	16706	17350	+	FFNCOF_01038	23.9	9.8		
CACYSW010000009.1	18910	19185	-	FFNCOF_01040	10.3	7.8		
CACYSW010000009.1	19201	19953	-	FFNCOF_01041	27.8	6.0	PF21778.2|DUF6873	PFAM:PF21778.2
CACYSW010000009.1	21333	22178	-	FFNCOF_01043	31.9	7.5	PF01520.23|Amidase_3	PFAM:PF01520.23
CACYSW010000009.1	43091	44215	-	FFNCOF_01064	42.1	4.9	PF13393.11|tRNA-synt_His	PFAM:PF13393.11
CACYSW010000009.1	48863	50473	+	FFNCOF_01069	59.1	4.5		
CACYSW010000009.1	50497	50844	+	FFNCOF_01070	12.4	4.5		
CACYSW010000009.1	52270	52533	-	FFNCOF_01072	9.9	5.1		
CACYSW010000009.1	52546	53343	-	FFNCOF_01073	31.0	5.0		
CACYSW010000009.1	53340	54134	-	FFNCOF_01074	31.1	4.7		
CACYSW010000009.1	54148	54861	-	FFNCOF_01075	26.4	9.7		
CACYSW010000009.1	54863	55717	-	FFNCOF_01076	31.7	5.4	PF00005.33|ABC_tran, PF13304.12|AAA_21	PFAM:PF00005.33, PFAM:PF13304.12
CACYSW010000009.1	58511	59605	-	FFNCOF_01080	41.8	8.0	PF00990.26|GGDEF	PFAM:PF00990.26
CACYSW010000009.1	61826	62548	+	FFNCOF_01082	27.8	5.5	PF00300.27|His_Phos_1	PFAM:PF00300.27
CACYSW010000009.1	62607	64346	-	FFNCOF_01083	63.6	4.6	PF00404.24|Dockerin_1, PF13306.12|LRR_5, PF13855.12|LRR_8	PFAM:PF00404.24, PFAM:PF13306.12, PFAM:PF13855.12
CACYSW010000009.1	67947	68531	-	FFNCOF_01087	21.8	8.3	PF13451.12|zf_Tbcl	PFAM:PF13451.12
CACYSW010000009.1	68528	69670	-	FFNCOF_01088	44.0	9.3	PF01757.29|Acyl_transf_3	PFAM:PF01757.29
CACYSW010000009.1	71554	71985	-	FFNCOF_01090	16.2	9.7		
CACYSW010000009.1	72001	72969	-	FFNCOF_01091	35.9	4.6		
CACYSW010000009.1	73356	73838	-	FFNCOF_01092	18.2	5.3		
CACYSW010000009.1	74018	75064	-	FFNCOF_01093	39.6	5.3	PF00413.30|Peptidase_M10	PFAM:PF00413.30
CACYSW010000009.1	75077	76000	-	FFNCOF_01094	34.9	6.9		
CACYSW010000009.1	76014	76691	-	FFNCOF_01095	26.0	5.5		
CACYSW010000009.1	76742	77149	-	FFNCOF_01096	15.3	9.3		
CACYSW010000010.1	427	1293	-	FFNCOF_01098	32.5	9.2	PF01183.26|Glyco_hydro_25	PFAM:PF01183.26
CACYSW010000010.1	1290	1514	-	FFNCOF_01099	8.3	9.2		
CACYSW010000010.1	1580	2731	-	FFNCOF_01100	42.3	4.5		
CACYSW010000010.1	2733	3128	-	FFNCOF_01101	15.5	5.3		
CACYSW010000010.1	6172	6471	-	FFNCOF_01104	11.0	4.5		
CACYSW010000010.1	6665	8401	+	FFNCOF_01105	60.1	4.6	PF06739.17|SBBP, PF17164.10|DUF5122	PFAM:PF06739.17, PFAM:PF17164.10
CACYSW010000010.1	8414	9133	+	FFNCOF_01106	27.7	7.8		
CACYSW010000010.1	9148	10050	+	FFNCOF_01107	33.6	4.9		
CACYSW010000010.1	15659	17428	+	FFNCOF_01112	64.3	5.3	PF00005.33|ABC_tran	PFAM:PF00005.33
CACYSW010000010.1	19396	20361	-	FFNCOF_01114	35.7	5.1		
CACYSW010000010.1	21968	23434	+	FFNCOF_01116	53.3	4.5	PF00404.24|Dockerin_1	PFAM:PF00404.24
CACYSW010000010.1	37611	38606	-	FFNCOF_01131	36.6	9.2		
CACYSW010000010.1	41673	43187	+	FFNCOF_01135	54.8	4.6	PF00496.27|SBP_bac_5	PFAM:PF00496.27
CACYSW010000010.1	43199	43552	+	FFNCOF_01136	12.9	6.3		
CACYSW010000010.1	47338	49053	+	FFNCOF_01139	62.1	9.1	PF01476.26|LysM, PF01551.29|Peptidase_M23, PF07501.17|G5	PFAM:PF01476.26, PFAM:PF01551.29, PFAM:PF07501.17
CACYSW010000010.1	56206	57720	+	FFNCOF_01145	58.0	4.4	PF12895.13|ANAPC3	PFAM:PF12895.13
CACYSW010000010.1	57717	58280	+	FFNCOF_01146	21.3	6.9		
CACYSW010000010.1	58343	59407	-	FFNCOF_01147	38.8	6.0	PF11258.13|DUF3048, PF17479.7|DUF3048_C	PFAM:PF11258.13, PFAM:PF17479.7
CACYSW010000010.1	62745	63710	-	FFNCOF_01150	36.0	5.0	PF14751.11|DUF4474	PFAM:PF14751.11
CACYSW010000010.1	65219	66847	+	FFNCOF_01152	60.0	5.0	PF00404.24|Dockerin_1	PFAM:PF00404.24
CACYSW010000010.1	70867	73803	-	FFNCOF_01156	110.7	4.8		
CACYSW010000010.1	73976	74419	-	FFNCOF_01157	15.6	8.4	PF07963.17|N_methyl	PFAM:PF07963.17
CACYSW010000010.1	74676	76208	-	FFNCOF_01158	56.5	4.8	PF07963.17|N_methyl	PFAM:PF07963.17
CACYSW010000010.1	76300	80238	-	FFNCOF_01159	144.4	5.3		
CACYSW010000010.1	80292	81965	-	FFNCOF_01160	60.6	5.7		
CACYSW010000010.1	83825	84415	-	FFNCOF_01162	21.9	4.9		
CACYSW010000010.1	84421	85143	-	FFNCOF_01163	26.7	4.6		
CACYSW010000010.1	85144	86118	-	FFNCOF_01164	35.6	4.5		
CACYSW010000010.1	88572	90359	-	FFNCOF_01167	64.9	4.6	PF01476.26|LysM, PF03958.22|Secretin_N	PFAM:PF01476.26, PFAM:PF03958.22
CACYSW010000010.1	90409	90924	-	FFNCOF_01168	18.8	4.7		
CACYSW010000010.1	91252	92754	-	FFNCOF_01169	54.2	8.4	PF01656.29|CbiA, PF02374.21|ArsA_ATPase, PF09140.17|MipZ, PF13614.12|AAA_31	PFAM:PF01656.29, PFAM:PF02374.21, PFAM:PF09140.17, PFAM:PF13614.12
CACYSW010000010.1	94523	94969	-	FFNCOF_01171	17.1	9.5		
CACYSW010000010.1	94973	95239	-	FFNCOF_01172	9.9	4.5		
CACYSW010000010.1	95229	95981	-	FFNCOF_01173	28.3	5.1		
CACYSW010000011.1	4063	4863	-	FFNCOF_01174	30.4	5.0	PF00072.30|Response_reg	PFAM:PF00072.30
CACYSW010000011.1	4860	6107	-	FFNCOF_01175	47.3	6.2	PF02518.31|HATPase_c, PF06580.19|His_kinase	PFAM:PF02518.31, PFAM:PF06580.19
CACYSW010000011.1	6286	7167	+	FFNCOF_01176	32.5	5.0		
CACYSW010000011.1	8647	9882	-	FFNCOF_01178	45.9	5.3	PF00512.31|HisKA, PF02518.31|HATPase_c	PFAM:PF00512.31, PFAM:PF02518.31
CACYSW010000011.1	12855	15977	+	FFNCOF_01184	119.4	5.1	PF00133.28|tRNA-synt_1, PF08264.19|Anticodon_1, PF19302.4|DUF5915	PFAM:PF00133.28, PFAM:PF08264.19, PFAM:PF19302.4
CACYSW010000011.1	16905	17318	-	FFNCOF_01186	15.9	5.9		
CACYSW010000011.1	18823	19074	-	FFNCOF_01188	8.6	10.7		
CACYSW010000011.1	19191	20030	+	FFNCOF_01189	30.7	4.9	PF01551.29|Peptidase_M23	PFAM:PF01551.29
CACYSW010000011.1	20030	20629	+	FFNCOF_01190	22.3	9.0		
CACYSW010000011.1	21203	21748	-	FFNCOF_01192	20.5	6.3		
CACYSW010000011.1	21766	22707	-	FFNCOF_01193	36.5	8.5		
CACYSW010000011.1	24679	30477	+	FFNCOF_01196	210.8	4.1	PF00404.24|Dockerin_1, PF02368.24|Big_2, PF13306.12|LRR_5, PF13855.12|LRR_8	PFAM:PF00404.24, PFAM:PF02368.24, PFAM:PF13306.12, PFAM:PF13855.12
CACYSW010000011.1	30608	31933	+	FFNCOF_01197	50.1	5.8	PF01743.26|PolyA_pol, PF12627.12|PolyA_pol_RNAbd, PF13735.12|tRNA_NucTran2_2	PFAM:PF01743.26, PFAM:PF12627.12, PFAM:PF13735.12
CACYSW010000011.1	36268	36561	-	FFNCOF_01201	10.7	9.5		
CACYSW010000011.1	45801	47162	-	FFNCOF_01210	50.1	6.3	PF11734.13|TilS_C	PFAM:PF11734.13
CACYSW010000011.1	48997	50964	-	FFNCOF_01213	72.7	5.2	PF01368.27|DHH, PF02272.25|DHHA1, PF24898.1|GGDEF_GdpP	PFAM:PF01368.27, PFAM:PF02272.25, PFAM:PF24898.1
CACYSW010000011.1	52982	55330	-	FFNCOF_01215	85.7	6.2	PF00132.30|Hexapep, PF25084.1|LbH_EIF2B	PFAM:PF00132.30, PFAM:PF25084.1
CACYSW010000011.1	57824	58528	-	FFNCOF_01218	26.3	5.8	PF00881.29|Nitroreductase	PFAM:PF00881.29
CACYSW010000011.1	58541	58972	-	FFNCOF_01219	16.3	5.6	PF13673.13|Acetyltransf_10	PFAM:PF13673.13
CACYSW010000011.1	58977	60500	-	FFNCOF_01220	56.6	6.3		
CACYSW010000011.1	60502	61074	-	FFNCOF_01221	21.3	6.6	PF00881.29|Nitroreductase	PFAM:PF00881.29
CACYSW010000012.1	13223	13984	-	FFNCOF_01229	28.1	5.1	PF13240.11|Zn_Ribbon_1, PF13248.11|Zn_ribbon_3	PFAM:PF13240.11, PFAM:PF13248.11
CACYSW010000012.1	18722	19315	-	FFNCOF_01234	22.7	4.8		
CACYSW010000012.1	19330	19638	-	FFNCOF_01235	11.2	5.1		
CACYSW010000012.1	22100	23143	-	FFNCOF_01238	40.0	5.9		
CACYSW010000012.1	23178	23486	-	FFNCOF_01239	11.8	5.5		
CACYSW010000012.1	23701	25371	+	FFNCOF_01240	64.8	5.6	PF00128.31|Alpha-amylase	PFAM:PF00128.31
CACYSW010000012.1	27420	27848	-	FFNCOF_01243	15.8	4.1		
CACYSW010000012.1	29548	30117	-	FFNCOF_01246	21.4	9.5	PF00702.32|Hydrolase, PF13242.12|Hydrolase_like	PFAM:PF00702.32, PFAM:PF13242.12
CACYSW010000012.1	31058	31285	-	FFNCOF_01249	9.1	4.3		
CACYSW010000012.1	34986	35822	-	FFNCOF_01253	31.1	4.8	PF00702.32|Hydrolase, PF08282.18|Hydrolase_3	PFAM:PF00702.32, PFAM:PF08282.18
CACYSW010000012.1	38422	40356	-	FFNCOF_01256	73.5	6.2		
CACYSW010000012.1	47820	47963	-	FFNCOF_01265	5.4	9.8		
CACYSW010000013.1	31	1080	+	FFNCOF_01267	37.8	4.5		
CACYSW010000013.1	5298	7388	-	FFNCOF_01272	78.4	4.9		
CACYSW010000013.1	9810	10523	+	FFNCOF_01275	26.7	5.7		
CACYSW010000013.1	10761	11141	-	FFNCOF_01276	14.3	9.4		
CACYSW010000013.1	12208	12768	+	FFNCOF_01278	21.5	5.5	PF13023.12|HD_3	PFAM:PF13023.12
CACYSW010000013.1	13538	14533	+	FFNCOF_01280	37.5	8.9	PF00198.28|2-oxoacid_dh	PFAM:PF00198.28
CACYSW010000013.1	16591	17865	+	FFNCOF_01283	47.5	4.7	PF01734.28|Patatin	PFAM:PF01734.28
CACYSW010000013.1	21943	23190	+	FFNCOF_01289	45.9	4.9		
CACYSW010000013.1	24858	25916	+	FFNCOF_01292	40.5	5.0	PF05050.19|Methyltransf_21	PFAM:PF05050.19
CACYSW010000013.1	28449	29765	+	FFNCOF_01295	49.0	9.1	PF07992.20|Pyr_redox_2, PF13450.12|NAD_binding_8	PFAM:PF07992.20, PFAM:PF13450.12
CACYSW010000013.1	33675	34385	+	FFNCOF_01297	26.0	9.3		
CACYSW010000013.1	34831	36393	+	FFNCOF_01299	57.6	8.7		
CACYSW010000013.1	37939	38307	+	FFNCOF_01302	14.1	9.8		
CACYSW010000013.1	38422	39429	+	FFNCOF_01303	35.4	4.5		
CACYSW010000013.1	39620	41017	+	FFNCOF_01304	53.7	4.6		
CACYSW010000013.1	41018	41704	+	FFNCOF_01305	25.5	4.7		
CACYSW010000013.1	42242	44128	-	FFNCOF_01307	75.1	8.8	PF03457.19|HA	PFAM:PF03457.19
CACYSW010000013.1	44212	45408	-	FFNCOF_01308	46.8	8.3		
CACYSW010000013.1	45464	45841	-	FFNCOF_01309	14.9	10.6		
CACYSW010000013.1	45918	47765	-	FFNCOF_01310	69.4	6.0		
CACYSW010000013.1	47848	48084	-	FFNCOF_01311	9.3	5.8		
CACYSW010000013.1	48195	48917	-	FFNCOF_01312	27.7	9.1		
CACYSW010000013.1	48914	49855	-	FFNCOF_01313	36.0	8.5		
CACYSW010000013.1	50984	52147	+	FFNCOF_01314	44.1	9.2	PF13102.12|Phage_int_SAM_5	PFAM:PF13102.12
CACYSW010000013.1	56680	57129	-	FFNCOF_01318	17.1	10.0		
CACYSW010000013.1	57320	57640	-	FFNCOF_01319	12.4	5.0		
CACYSW010000014.1	145	828	+	FFNCOF_01320	26.4	5.8	PF13408.12|Zn_ribbon_recom	PFAM:PF13408.12
CACYSW010000014.1	1126	2433	+	FFNCOF_01321	48.0	5.3		
CACYSW010000014.1	4021	5523	-	FFNCOF_01323	55.5	8.5		
CACYSW010000014.1	10869	11249	-	FFNCOF_01327	13.0	4.3	PF00364.28|Biotin_lipoyl, PF13533.12|Biotin_lipoyl_2	PFAM:PF00364.28, PFAM:PF13533.12
CACYSW010000014.1	11263	11637	-	FFNCOF_01328	13.2	9.0		
CACYSW010000014.1	15418	16323	+	FFNCOF_01332	35.2	5.1		
CACYSW010000014.1	16316	16717	+	FFNCOF_01333	14.8	9.4		
CACYSW010000014.1	18318	18530	+	FFNCOF_01335	8.3	10.0		
CACYSW010000014.1	22232	22558	+	FFNCOF_01338	12.1	4.7		
CACYSW010000014.1	22546	25239	-	FFNCOF_01339	102.9	5.1	PF01204.24|Trehalase, PF22422.2|MGH1-like_GH	PFAM:PF01204.24, PFAM:PF22422.2
CACYSW010000014.1	26849	28057	-	FFNCOF_01341	43.4	9.2	PF00070.33|Pyr_redox, PF01266.30|DAO, PF03486.20|HI0933_like, PF07992.20|Pyr_redox_2, PF13450.12|NAD_binding_8, PF13454.12|NAD_binding_9	PFAM:PF00070.33, PFAM:PF01266.30, PFAM:PF03486.20, PFAM:PF07992.20, PFAM:PF13450.12, PFAM:PF13454.12
CACYSW010000014.1	28951	29571	+	FFNCOF_01343	23.0	7.7	PF01381.28|HTH_3, PF13560.12|HTH_31	PFAM:PF01381.28, PFAM:PF13560.12
CACYSW010000014.1	29568	30170	-	FFNCOF_01344	23.0	4.6	PF14300.12|DMP19	PFAM:PF14300.12
CACYSW010000014.1	31939	32835	+	FFNCOF_01347	33.1	9.2	PF00892.27|EamA	PFAM:PF00892.27
CACYSW010000014.1	32876	33256	-	FFNCOF_01348	14.4	9.2	PF01381.28|HTH_3, PF12844.13|HTH_19, PF13560.12|HTH_31	PFAM:PF01381.28, PFAM:PF12844.13, PFAM:PF13560.12
CACYSW010000014.1	36472	40725	-	FFNCOF_01352	144.6	4.2	PF00404.24|Dockerin_1, PF09479.16|Flg_new, PF18889.6|Beta_helix_3	PFAM:PF00404.24, PFAM:PF09479.16, PFAM:PF18889.6
CACYSW010000014.1	40893	42317	-	FFNCOF_01353	54.2	8.8	PF00196.25|GerE	PFAM:PF00196.25
CACYSW010000014.1	44710	47784	+	FFNCOF_01356	119.9	8.9	PF00078.32|RVT_1	PFAM:PF00078.32
CACYSW010000014.1	49664	50791	-	FFNCOF_01358	43.8	5.1		
CACYSW010000014.1	50784	51167	-	FFNCOF_01359	14.0	5.6		
CACYSW010000014.1	52786	53868	-	FFNCOF_01361	41.2	6.1	PF18145.6|SAVED	PFAM:PF18145.6
CACYSW010000014.1	55921	56391	-	FFNCOF_01363	18.1	5.0	PF01381.28|HTH_3, PF13560.12|HTH_31	PFAM:PF01381.28, PFAM:PF13560.12
CACYSW010000014.1	56544	57290	-	FFNCOF_01364	28.8	8.2		
CACYSW010000014.1	57290	57820	-	FFNCOF_01365	20.0	7.6		
CACYSW010000015.1	1881	2375	-	FFNCOF_01367	18.4	10.0		
CACYSW010000015.1	2502	3593	+	FFNCOF_01368	39.8	8.3	PF03734.19|YkuD, PF06347.19|SH3_4, PF08239.17|SH3_3	PFAM:PF03734.19, PFAM:PF06347.19, PFAM:PF08239.17
CACYSW010000015.1	4123	4620	-	FFNCOF_01370	18.2	5.2		
CACYSW010000015.1	4629	6170	-	FFNCOF_01371	54.8	5.3	PF01256.23|Carb_kinase, PF03853.21|YjeF_N	PFAM:PF01256.23, PFAM:PF03853.21
CACYSW010000015.1	6184	6546	-	FFNCOF_01372	13.1	8.6	PF01648.25|ACPS	PFAM:PF01648.25
CACYSW010000015.1	7382	8185	-	FFNCOF_01374	30.6	9.6		
CACYSW010000015.1	10690	11994	+	FFNCOF_01376	50.7	9.0	PF01381.28|HTH_3, PF12844.13|HTH_19, PF13443.12|HTH_26, PF13560.12|HTH_31	PFAM:PF01381.28, PFAM:PF12844.13, PFAM:PF13443.12, PFAM:PF13560.12
CACYSW010000015.1	12150	13466	+	FFNCOF_01377	49.3	4.6	PF00404.24|Dockerin_1, PF13306.12|LRR_5, PF13855.12|LRR_8	PFAM:PF00404.24, PFAM:PF13306.12, PFAM:PF13855.12
CACYSW010000015.1	16667	17947	+	FFNCOF_01380	48.1	4.6	PF05193.26|Peptidase_M16_C	PFAM:PF05193.26
CACYSW010000015.1	23178	23981	-	FFNCOF_01385	30.6	5.0	PF00072.30|Response_reg	PFAM:PF00072.30
CACYSW010000015.1	23978	25942	-	FFNCOF_01386	73.8	5.1	PF02518.31|HATPase_c, PF06580.19|His_kinase	PFAM:PF02518.31, PFAM:PF06580.19
CACYSW010000015.1	29122	31278	+	FFNCOF_01389	78.6	8.4		
CACYSW010000015.1	31265	32308	+	FFNCOF_01390	39.7	5.6	PF06144.19|DNA_pol3_delta, PF21694.2|DNA_pol3_delta_C	PFAM:PF06144.19, PFAM:PF21694.2
CACYSW010000015.1	32922	33038	+	FFNCOF_01392	4.3	9.6		
CACYSW010000015.1	33086	33796	-	FFNCOF_01393	27.8	4.9		
CACYSW010000015.1	41382	42062	-	FFNCOF_01400	25.0	9.7	PF09335.16|VTT_dom	PFAM:PF09335.16
CACYSW010000016.1	6563	6997	-	FFNCOF_01406	15.5	9.6		
CACYSW010000016.1	11488	12039	+	FFNCOF_01410	20.2	6.3		
CACYSW010000016.1	16714	16866	-	FFNCOF_01414	5.8	5.2		
CACYSW010000016.1	18385	19494	-	FFNCOF_01417	41.8	4.7	PF00561.26|Abhydrolase_1, PF12146.15|Hydrolase_4, PF12697.13|Abhydrolase_6	PFAM:PF00561.26, PFAM:PF12146.15, PFAM:PF12697.13
CACYSW010000016.1	21564	22715	-	FFNCOF_01421	42.3	8.1		
CACYSW010000016.1	22702	23046	-	FFNCOF_01422	12.4	5.8		
CACYSW010000016.1	23095	24156	+	FFNCOF_01423	38.2	9.4		
CACYSW010000016.1	24185	24403	+	FFNCOF_01424	8.3	9.3		
CACYSW010000016.1	28727	29899	-	FFNCOF_01429	43.4	4.8	PF16822.11|ALGX	PFAM:PF16822.11
CACYSW010000016.1	30699	32081	+	FFNCOF_01431	50.8	8.8	PF00768.25|Peptidase_S11, PF07943.18|PBP5_C, PF13354.11|Beta-lactamase2	PFAM:PF00768.25, PFAM:PF07943.18, PFAM:PF13354.11
CACYSW010000016.1	32841	33116	-	FFNCOF_01433	10.0	9.6		
CACYSW010000016.1	36153	36338	-	FFNCOF_01437	6.5	9.5		
CACYSW010000016.1	36348	37496	-	FFNCOF_01438	41.5	5.1		
CACYSW010000016.1	37557	38417	-	FFNCOF_01439	30.1	4.5		
CACYSW010000016.1	39106	40233	-	FFNCOF_01441	41.5	5.6		
CACYSW010000017.1	765	1370	+	FFNCOF_01443	21.6	6.8		
CACYSW010000017.1	4431	5228	-	FFNCOF_01446	29.5	4.5		
CACYSW010000017.1	5403	6404	+	FFNCOF_01447	38.2	6.4	PF00326.27|Peptidase_S9, PF00561.26|Abhydrolase_1, PF03959.19|FSH1, PF12146.15|Hydrolase_4, PF20434.5|BD-FAE	PFAM:PF00326.27, PFAM:PF00561.26, PFAM:PF03959.19, PFAM:PF12146.15, PFAM:PF20434.5
CACYSW010000017.1	6465	7424	-	FFNCOF_01448	35.3	5.3	PF01408.29|GFO_IDH_MocA, PF22725.1|GFO_IDH_MocA_C3	PFAM:PF01408.29, PFAM:PF22725.1
CACYSW010000017.1	8006	8749	+	FFNCOF_01450	28.9	8.5	PF08241.18|Methyltransf_11, PF13649.12|Methyltransf_25, PF13847.12|Methyltransf_31	PFAM:PF08241.18, PFAM:PF13649.12, PFAM:PF13847.12
CACYSW010000017.1	10847	11329	-	FFNCOF_01453	18.3	7.6		
CACYSW010000017.1	11322	11561	-	FFNCOF_01454	8.9	8.7		
CACYSW010000017.1	11567	12499	-	FFNCOF_01455	34.4	5.1	PF00753.33|Lactamase_B, PF12706.13|Lactamase_B_2	PFAM:PF00753.33, PFAM:PF12706.13
CACYSW010000017.1	12504	15071	-	FFNCOF_01456	93.0	5.3	PF01580.24|FtsK_SpoIIIE, PF09397.16|FtsK_gamma, PF17854.6|FtsK_alpha	PFAM:PF01580.24, PFAM:PF09397.16, PFAM:PF17854.6
CACYSW010000017.1	20638	22314	-	FFNCOF_01461	61.7	4.8	PF02463.25|SMC_N, PF13476.12|AAA_23	PFAM:PF02463.25, PFAM:PF13476.12
CACYSW010000017.1	22317	22766	-	FFNCOF_01462	16.5	6.1	PF01316.27|Arg_repressor, PF02863.23|Arg_repressor_C	PFAM:PF01316.27, PFAM:PF02863.23
CACYSW010000017.1	22768	23628	-	FFNCOF_01463	31.9	5.1	PF01513.26|NAD_kinase, PF20143.4|NAD_kinase_C	PFAM:PF01513.26, PFAM:PF20143.4
CACYSW010000017.1	27210	27404	-	FFNCOF_01467	7.3	4.5		
CACYSW010000017.1	29545	29952	-	FFNCOF_01470	15.2	4.6	PF01029.23|NusB	PFAM:PF01029.23
CACYSW010000017.1	30003	30383	-	FFNCOF_01471	13.5	5.3		
CACYSW010000017.1	30443	30973	-	FFNCOF_01472	19.7	4.9		
CACYSW010000017.1	30970	31509	-	FFNCOF_01473	19.7	5.4		
CACYSW010000017.1	31502	31948	-	FFNCOF_01474	16.3	4.6		
CACYSW010000017.1	31951	33051	-	FFNCOF_01475	39.2	4.9		
CACYSW010000017.1	33048	33428	-	FFNCOF_01476	13.6	6.1		
CACYSW010000017.1	33636	34037	-	FFNCOF_01478	14.6	8.9		
CACYSW010000017.1	34072	35097	-	FFNCOF_01479	37.3	8.7		
CACYSW010000017.1	35211	38096	+	FFNCOF_01480	108.5	4.8		
CACYSW010000017.1	38083	38664	+	FFNCOF_01481	22.1	5.2	PF00398.26|RrnaAD, PF05175.20|MTS, PF08241.18|Methyltransf_11, PF08242.18|Methyltransf_12, PF13489.12|Methyltransf_23, PF13649.12|Methyltransf_25, PF13847.12|Methyltransf_31	PFAM:PF00398.26, PFAM:PF05175.20, PFAM:PF08241.18, PFAM:PF08242.18, PFAM:PF13489.12, PFAM:PF13649.12, PFAM:PF13847.12
CACYSW010000018.1	256	1263	+	FFNCOF_01483	35.7	4.1	PF00404.24|Dockerin_1, PF07554.19|FIVAR	PFAM:PF00404.24, PFAM:PF07554.19
CACYSW010000018.1	1353	2138	+	FFNCOF_01484	30.3	9.5		
CACYSW010000018.1	2141	4549	+	FFNCOF_01485	92.9	5.9	PF01055.32|Glyco_hydro_31_2nd, PF21365.3|Glyco_hydro_31_3rd	PFAM:PF01055.32, PFAM:PF21365.3
CACYSW010000018.1	4650	5792	+	FFNCOF_01486	43.4	8.3	PF00990.26|GGDEF	PFAM:PF00990.26
CACYSW010000018.1	7453	9048	+	FFNCOF_01489	53.6	4.1	PF14262.12|Cthe_2159	PFAM:PF14262.12
CACYSW010000018.1	9171	10283	-	FFNCOF_01490	40.4	5.0	PF00465.25|Fe-ADH, PF25137.1|ADH_Fe_C	PFAM:PF00465.25, PFAM:PF25137.1
CACYSW010000018.1	10424	11467	+	FFNCOF_01491	37.0	4.9		
CACYSW010000018.1	11464	11841	+	FFNCOF_01492	13.2	5.1	PF07009.16|NusG_II	PFAM:PF07009.16
CACYSW010000018.1	11879	12370	+	FFNCOF_01493	16.8	9.8		
CACYSW010000018.1	17658	18368	+	FFNCOF_01500	25.3	5.3		
CACYSW010000018.1	18669	19385	-	FFNCOF_01502	26.5	9.7	PF09335.16|VTT_dom	PFAM:PF09335.16
CACYSW010000018.1	22345	23181	-	FFNCOF_01508	30.3	5.1		
CACYSW010000018.1	23288	24616	+	FFNCOF_01509	49.7	8.6	PF00392.27|GntR	PFAM:PF00392.27
CACYSW010000018.1	33665	34186	+	FFNCOF_01518	19.5	8.6		
CACYSW010000018.1	34200	34622	+	FFNCOF_01519	16.1	10.0		
CACYSW010000018.1	37546	37713	+	FFNCOF_01522	6.1	9.8		
CACYSW010000019.1	756	1463	-	FFNCOF_01524	25.6	5.9		
CACYSW010000019.1	1731	2144	+	FFNCOF_01525	15.5	6.1		
CACYSW010000019.1	3103	3657	+	FFNCOF_01527	20.6	8.9		
CACYSW010000019.1	3764	5977	+	FFNCOF_01528	79.6	5.2	PF00905.27|Transpeptidase, PF03717.20|PBP_dimer, PF03793.24|PASTA	PFAM:PF00905.27, PFAM:PF03717.20, PFAM:PF03793.24
CACYSW010000019.1	6011	7447	+	FFNCOF_01529	52.2	5.2	PF01225.30|Mur_ligase, PF02875.26|Mur_ligase_C, PF08245.18|Mur_ligase_M	PFAM:PF01225.30, PFAM:PF02875.26, PFAM:PF08245.18
CACYSW010000019.1	13626	14588	+	FFNCOF_01535	35.3	4.9	PF08478.15|POTRA_1	PFAM:PF08478.15
CACYSW010000019.1	16758	17645	+	FFNCOF_01538	33.6	5.8	PF00135.34|COesterase, PF00326.27|Peptidase_S9, PF07859.19|Abhydrolase_3, PF20434.5|BD-FAE	PFAM:PF00135.34, PFAM:PF00326.27, PFAM:PF07859.19, PFAM:PF20434.5
CACYSW010000019.1	21093	21512	+	FFNCOF_01544	15.2	4.5	PF09148.16|DUF1934	PFAM:PF09148.16
CACYSW010000019.1	24511	24981	-	FFNCOF_01547	17.3	5.7	PF00149.33|Metallophos, PF12850.12|Metallophos_2	PFAM:PF00149.33, PFAM:PF12850.12
CACYSW010000019.1	25038	25271	+	FFNCOF_01548	8.8	9.2		
CACYSW010000019.1	25255	25593	+	FFNCOF_01549	12.1	6.2		
CACYSW010000019.1	25590	25973	+	FFNCOF_01550	14.6	4.6		
CACYSW010000019.1	26051	26605	+	FFNCOF_01551	21.9	6.5		
CACYSW010000019.1	26589	27392	+	FFNCOF_01552	31.0	9.2		
CACYSW010000019.1	27757	32172	+	FFNCOF_01553	161.2	4.1	PF07554.19|FIVAR	PFAM:PF07554.19
CACYSW010000019.1	32236	32820	-	FFNCOF_01554	22.2	9.0		
CACYSW010000019.1	32884	33294	-	FFNCOF_01555	14.6	9.7		
CACYSW010000019.1	33264	33563	-	FFNCOF_01556	10.6	9.8		
CACYSW010000019.1	33660	34304	+	FFNCOF_01557	24.8	8.4	PF06713.17|bPH_4	PFAM:PF06713.17
CACYSW010000019.1	34357	35802	-	FFNCOF_01558	54.4	5.8		
CACYSW010000020.1	4786	5610	+	FFNCOF_01562	31.3	5.2	PF03372.29|Exo_endo_phos	PFAM:PF03372.29
CACYSW010000020.1	6537	8480	+	FFNCOF_01564	75.3	5.2	PF01055.32|Glyco_hydro_31_2nd, PF13802.12|Gal_mutarotas_2, PF21365.3|Glyco_hydro_31_3rd	PFAM:PF01055.32, PFAM:PF13802.12, PFAM:PF21365.3
CACYSW010000020.1	9446	10615	+	FFNCOF_01566	42.4	4.7	PF01882.25|DUF58	PFAM:PF01882.25
CACYSW010000020.1	10626	12824	+	FFNCOF_01567	83.5	5.5	PF01841.26|Transglut_core, PF11992.13|TgpA_N	PFAM:PF01841.26, PFAM:PF11992.13
CACYSW010000020.1	12881	13414	+	FFNCOF_01568	19.9	10.0		
CACYSW010000020.1	14081	15040	-	FFNCOF_01570	33.5	5.0	PF03403.19|PAF-AH_p_II, PF12695.13|Abhydrolase_5, PF12740.14|PETase	PFAM:PF03403.19, PFAM:PF12695.13, PFAM:PF12740.14
CACYSW010000020.1	15216	18248	-	FFNCOF_01571	112.7	4.7	PF02687.27|FtsX	PFAM:PF02687.27
CACYSW010000020.1	19146	19964	+	FFNCOF_01573	31.4	9.5	PF00037.32|Fer4, PF12801.12|Fer4_5, PF12837.12|Fer4_6, PF12838.12|Fer4_7, PF13237.11|Fer4_10	PFAM:PF00037.32, PFAM:PF12801.12, PFAM:PF12837.12, PFAM:PF12838.12, PFAM:PF13237.11
CACYSW010000020.1	19992	21500	+	FFNCOF_01574	56.3	5.1	PF00251.26|Glyco_hydro_32N, PF08244.19|Glyco_hydro_32C	PFAM:PF00251.26, PFAM:PF08244.19
CACYSW010000020.1	21541	22326	-	FFNCOF_01575	27.6	9.5		
CACYSW010000020.1	22319	23386	-	FFNCOF_01576	40.9	5.4	PF04055.27|Radical_SAM, PF13186.11|SPASM, PF13353.11|Fer4_12	PFAM:PF04055.27, PFAM:PF13186.11, PFAM:PF13353.11
CACYSW010000020.1	24858	26603	-	FFNCOF_01578	65.2	5.0		
CACYSW010000020.1	28145	29242	-	FFNCOF_01580	40.1	4.5		
CACYSW010000020.1	29239	30159	-	FFNCOF_01581	34.0	5.9		
CACYSW010000020.1	30187	31620	-	FFNCOF_01582	53.9	5.8	PF00149.33|Metallophos	PFAM:PF00149.33
CACYSW010000020.1	31660	33870	-	FFNCOF_01583	83.2	6.6	PF05592.18|Bac_rhamnosid, PF08531.16|Bac_rhamnosid_N, PF17389.8|Bac_rhamnosid6H, PF17390.7|Bac_rhamnosid_C	PFAM:PF05592.18, PFAM:PF08531.16, PFAM:PF17389.8, PFAM:PF17390.7
CACYSW010000021.1	1098	1307	-	FFNCOF_01585	8.1	9.7		
CACYSW010000021.1	3044	3409	-	FFNCOF_01587	13.9	7.7		
CACYSW010000021.1	4891	5442	-	FFNCOF_01590	20.2	5.5	PF00717.28|Peptidase_S24, PF10502.14|Peptidase_S26	PFAM:PF00717.28, PFAM:PF10502.14
CACYSW010000021.1	9058	9984	-	FFNCOF_01593	32.0	4.3		
CACYSW010000021.1	10173	10355	+	FFNCOF_01594	6.6	4.8		
CACYSW010000021.1	12338	12646	+	FFNCOF_01598	10.8	5.9	PF01248.31|Ribosomal_L7Ae	PFAM:PF01248.31
CACYSW010000021.1	17253	18140	+	FFNCOF_01603	33.0	8.1	PF01687.23|Flavokinase	PFAM:PF01687.23
CACYSW010000021.1	28269	29132	-	FFNCOF_01610	31.7	6.1		
CACYSW010000021.1	32416	33300	+	FFNCOF_01615	32.9	5.8	PF00294.29|PfkB	PFAM:PF00294.29
CACYSW010000022.1	191	868	-	FFNCOF_01616	24.3	9.2		
CACYSW010000022.1	7071	7454	-	FFNCOF_01623	14.3	4.9		
CACYSW010000022.1	9446	10102	-	FFNCOF_01626	24.2	5.1	PF00702.32|Hydrolase, PF08282.18|Hydrolase_3, PF13242.12|Hydrolase_like	PFAM:PF00702.32, PFAM:PF08282.18, PFAM:PF13242.12
CACYSW010000022.1	10111	11412	-	FFNCOF_01627	48.8	4.7		
CACYSW010000022.1	12484	13167	-	FFNCOF_01629	25.7	8.6		
CACYSW010000022.1	13206	13496	-	FFNCOF_01630	10.9	5.2	PF07876.18|Dabb	PFAM:PF07876.18
CACYSW010000022.1	13644	16844	-	FFNCOF_01631	118.5	4.4		
CACYSW010000022.1	22041	23009	-	FFNCOF_01637	35.5	4.8		
CACYSW010000022.1	23027	23614	-	FFNCOF_01638	21.8	5.1		
CACYSW010000022.1	24102	26084	-	FFNCOF_01640	73.8	5.0		
CACYSW010000022.1	26140	26451	-	FFNCOF_01641	11.0	4.8		
CACYSW010000022.1	26635	27273	+	FFNCOF_01642	24.2	7.5	PF14278.11|TetR_C_8	PFAM:PF14278.11
CACYSW010000022.1	31222	32055	-	FFNCOF_01646	30.6	4.9	PF09587.15|PGA_cap	PFAM:PF09587.15
CACYSW010000023.1	2231	3244	-	FFNCOF_01649	37.2	5.0		
CACYSW010000023.1	3305	3478	-	FFNCOF_01650	5.8	10.8		
CACYSW010000023.1	4176	5039	-	FFNCOF_01652	32.2	5.0		
CACYSW010000023.1	7755	8933	-	FFNCOF_01661	42.9	5.0	PF00245.25|Alk_phosphatase	PFAM:PF00245.25
CACYSW010000023.1	11086	11535	-	FFNCOF_01664	17.0	8.7	PF03992.22|ABM	PFAM:PF03992.22
CACYSW010000023.1	13418	14392	+	FFNCOF_01667	36.5	5.4	PF01408.29|GFO_IDH_MocA, PF22725.1|GFO_IDH_MocA_C3	PFAM:PF01408.29, PFAM:PF22725.1
CACYSW010000023.1	15760	16677	-	FFNCOF_01670	34.4	5.2	PF00293.34|NUDIX, PF13508.13|Acetyltransf_7, PF13673.13|Acetyltransf_10	PFAM:PF00293.34, PFAM:PF13508.13, PFAM:PF13673.13
CACYSW010000023.1	16686	17000	-	FFNCOF_01671	12.0	6.6		
CACYSW010000023.1	16997	17848	-	FFNCOF_01672	33.0	8.9	PF00326.27|Peptidase_S9, PF02230.22|Abhydrolase_2	PFAM:PF00326.27, PFAM:PF02230.22
CACYSW010000023.1	18367	19341	+	FFNCOF_01673	37.5	9.0		
CACYSW010000023.1	20165	22627	-	FFNCOF_01675	96.8	5.2	PF03235.19|GmrSD_N	PFAM:PF03235.19
CACYSW010000023.1	22638	24542	-	FFNCOF_01676	75.8	5.3	PF03235.19|GmrSD_N	PFAM:PF03235.19
CACYSW010000023.1	25709	29281	+	FFNCOF_01678	136.1	5.1	PF01381.28|HTH_3, PF04545.22|Sigma70_r4	PFAM:PF01381.28, PFAM:PF04545.22
CACYSW010000023.1	29266	29514	+	FFNCOF_01679	10.2	9.0		
CACYSW010000023.1	29495	29896	+	FFNCOF_01680	14.4	4.8		
CACYSW010000024.1	143	757	+	FFNCOF_01681	22.9	4.8		
CACYSW010000024.1	754	1020	+	FFNCOF_01682	10.6	4.9		
CACYSW010000024.1	1022	2125	+	FFNCOF_01683	42.0	4.4	PF00805.28|Pentapeptide, PF13599.12|Pentapeptide_4, PF23894.2|LD_SV2	PFAM:PF00805.28, PFAM:PF13599.12, PFAM:PF23894.2
CACYSW010000024.1	2122	2328	+	FFNCOF_01684	8.0	8.5		
CACYSW010000024.1	2325	2972	+	FFNCOF_01685	24.8	4.1		
CACYSW010000024.1	3367	3792	+	FFNCOF_01686	16.2	5.9		
CACYSW010000024.1	3792	5405	+	FFNCOF_01687	62.0	8.8	PF08238.18|Sel1	PFAM:PF08238.18
CACYSW010000024.1	7403	7714	+	FFNCOF_01689	12.2	9.5	PF01726.22|LexA_DNA_bind, PF13730.12|HTH_36, PF22381.2|Staph_reg_Sar_Rot	PFAM:PF01726.22, PFAM:PF13730.12, PFAM:PF22381.2
CACYSW010000024.1	9214	10611	+	FFNCOF_01692	53.1	9.5	PF14659.12|Phage_int_SAM_3, PF22022.2|Phage_int_M	PFAM:PF14659.12, PFAM:PF22022.2
CACYSW010000024.1	10784	11071	+	FFNCOF_01693	10.7	8.8		
CACYSW010000024.1	11055	12944	+	FFNCOF_01694	73.3	7.9		
CACYSW010000024.1	13824	14825	-	FFNCOF_01697	39.0	5.3		
CACYSW010000024.1	17529	17933	-	FFNCOF_01703	14.6	4.2		
CACYSW010000024.1	17992	18267	-	FFNCOF_01704	10.3	9.2		
CACYSW010000024.1	20047	20649	+	FFNCOF_01706	22.8	5.9	PF13189.12|Cytidylate_kin2	PFAM:PF13189.12
CACYSW010000024.1	20710	21720	-	FFNCOF_01707	39.4	6.0		
CACYSW010000024.1	22499	22849	-	FFNCOF_01710	13.1	5.7		
CACYSW010000024.1	22978	23829	-	FFNCOF_01711	31.1	4.4	PF04536.20|TPM_phosphatase	PFAM:PF04536.20
CACYSW010000024.1	26694	27233	+	FFNCOF_01714	20.1	8.8		
CACYSW010000024.1	28561	29055	+	FFNCOF_01716	18.1	5.9	PF00392.27|GntR, PF13730.12|HTH_36	PFAM:PF00392.27, PFAM:PF13730.12
CACYSW010000024.1	29922	32528	+	FFNCOF_01718	97.3	5.3		
CACYSW010000024.1	32612	34882	-	FFNCOF_01719	83.2	4.9		
CACYSW010000024.1	35070	36323	+	FFNCOF_01720	46.2	9.5		
CACYSW010000025.1	228	350	-	FFNCOF_01723	4.3	4.1		
CACYSW010000025.1	387	518	-	FFNCOF_01724	4.8	4.1		
CACYSW010000025.1	541	1704	-	FFNCOF_01725	41.3	4.1		
CACYSW010000025.1	1765	2883	-	FFNCOF_01726	37.8	4.7		
CACYSW010000025.1	3166	8277	-	FFNCOF_01727	187.7	4.4	PF00404.24|Dockerin_1	PFAM:PF00404.24
CACYSW010000025.1	8988	9806	-	FFNCOF_01728	29.8	5.2	PF00702.32|Hydrolase, PF08282.18|Hydrolase_3	PFAM:PF00702.32, PFAM:PF08282.18
CACYSW010000025.1	11295	12011	-	FFNCOF_01730	26.4	4.4		
CACYSW010000025.1	16597	17406	-	FFNCOF_01735	30.6	5.2		
CACYSW010000025.1	18399	19421	-	FFNCOF_01737	36.3	4.7	PF04389.22|Peptidase_M28	PFAM:PF04389.22
CACYSW010000025.1	20744	21475	-	FFNCOF_01739	27.2	9.5	PF09335.16|VTT_dom	PFAM:PF09335.16
CACYSW010000025.1	26731	26973	-	FFNCOF_01745	9.6	9.4		
CACYSW010000026.1	2242	3441	+	FFNCOF_01748	43.9	5.2	PF09587.15|PGA_cap	PFAM:PF09587.15
CACYSW010000026.1	4989	5762	-	FFNCOF_01750	28.4	4.3	PF00404.24|Dockerin_1, PF13306.12|LRR_5	PFAM:PF00404.24, PFAM:PF13306.12
CACYSW010000026.1	5780	6811	-	FFNCOF_01751	40.6	5.1	PF01381.28|HTH_3, PF12844.13|HTH_19, PF13443.12|HTH_26, PF13560.12|HTH_31	PFAM:PF01381.28, PFAM:PF12844.13, PFAM:PF13443.12, PFAM:PF13560.12
CACYSW010000026.1	12096	12575	-	FFNCOF_01756	18.4	6.1		
CACYSW010000026.1	12625	13353	-	FFNCOF_01757	27.9	8.5	PF00156.33|Pribosyltran, PF18912.6|DZR_2	PFAM:PF00156.33, PFAM:PF18912.6
CACYSW010000026.1	15557	15889	-	FFNCOF_01759	12.3	7.6		
CACYSW010000026.1	16640	17029	-	FFNCOF_01762	14.8	7.9	PF02915.23|Rubrerythrin	PFAM:PF02915.23
CACYSW010000026.1	17942	18598	-	FFNCOF_01764	22.1	4.5		
CACYSW010000026.1	18776	19672	-	FFNCOF_01765	31.0	5.5		
CACYSW010000026.1	21443	22186	-	FFNCOF_01767	27.1	4.8		
CACYSW010000026.1	22170	22829	-	FFNCOF_01768	24.2	5.6	PF12847.13|Methyltransf_18	PFAM:PF12847.13
CACYSW010000026.1	24183	24641	-	FFNCOF_01771	16.4	5.1		
CACYSW010000027.1	5570	6829	+	FFNCOF_01776	45.2	9.4		
CACYSW010000027.1	6942	7358	+	FFNCOF_01777	15.0	4.6		
CACYSW010000027.1	7377	8285	+	FFNCOF_01778	33.5	9.7		
CACYSW010000027.1	9427	9993	+	FFNCOF_01780	20.8	4.9	PF02525.22|Flavodoxin_2, PF03358.20|FMN_red	PFAM:PF02525.22, PFAM:PF03358.20
CACYSW010000027.1	10156	10719	+	FFNCOF_01781	21.7	5.0		
CACYSW010000027.1	11873	12082	+	FFNCOF_01783	7.8	9.3		
CACYSW010000027.1	12110	12886	+	FFNCOF_01784	28.7	4.7	PF01048.26|PNP_UDP_1	PFAM:PF01048.26
CACYSW010000027.1	14436	15239	+	FFNCOF_01788	30.0	4.9	PF00561.26|Abhydrolase_1, PF01738.24|DLH, PF12146.15|Hydrolase_4, PF12697.13|Abhydrolase_6	PFAM:PF00561.26, PFAM:PF01738.24, PFAM:PF12146.15, PFAM:PF12697.13
CACYSW010000027.1	16017	16676	+	FFNCOF_01789	26.0	9.1		
CACYSW010000027.1	18925	20142	+	FFNCOF_01791	45.2	5.0	PF13533.12|Biotin_lipoyl_2, PF16576.10|HlyD_D23	PFAM:PF13533.12, PFAM:PF16576.10
CACYSW010000027.1	20159	20941	+	FFNCOF_01792	30.6	5.4		
CACYSW010000027.1	23713	23928	+	FFNCOF_01793	7.9	5.6		
CACYSW010000027.1	23990	24112	-	FFNCOF_01794	4.5	5.8		
CACYSW010000028.1	101	859	-	FFNCOF_01795	28.2	5.2	PF13472.12|Lipase_GDSL_2	PFAM:PF13472.12
CACYSW010000028.1	3502	4986	-	FFNCOF_01798	55.9	4.8	PF07653.23|SH3_2, PF08239.17|SH3_3, PF13240.11|Zn_Ribbon_1	PFAM:PF07653.23, PFAM:PF08239.17, PFAM:PF13240.11
CACYSW010000028.1	6205	6642	-	FFNCOF_01800	16.4	8.7	PF00575.29|S1	PFAM:PF00575.29
CACYSW010000028.1	6675	6986	-	FFNCOF_01801	11.6	9.2	PF04977.20|DivIC	PFAM:PF04977.20
CACYSW010000028.1	6983	7537	-	FFNCOF_01802	21.3	10.2		
CACYSW010000028.1	8064	8684	-	FFNCOF_01804	22.7	5.0		
CACYSW010000028.1	9514	10305	-	FFNCOF_01806	28.7	5.4	PF00753.33|Lactamase_B, PF12706.13|Lactamase_B_2	PFAM:PF00753.33, PFAM:PF12706.13
CACYSW010000028.1	10358	11212	-	FFNCOF_01807	32.0	5.9		
CACYSW010000028.1	11320	11769	+	FFNCOF_01808	17.1	4.4		
CACYSW010000028.1	11889	12164	-	FFNCOF_01809	10.0	9.7		
CACYSW010000029.1	3529	3717	-	FFNCOF_01820	6.7	9.7	PF04023.20|FeoA	PFAM:PF04023.20
CACYSW010000029.1	4482	5837	+	FFNCOF_01822	49.7	5.4		
CACYSW010000029.1	10077	10850	+	FFNCOF_01828	28.8	6.0	PF00535.33|Glycos_transf_2	PFAM:PF00535.33
CACYSW010000029.1	10855	11613	+	FFNCOF_01829	28.8	7.7	PF00535.33|Glycos_transf_2, PF13506.12|Glyco_transf_21, PF13641.12|Glyco_tranf_2_3	PFAM:PF00535.33, PFAM:PF13506.12, PFAM:PF13641.12
CACYSW010000029.1	11728	12516	+	FFNCOF_01830	29.7	4.6		
CACYSW010000029.1	12680	13126	+	FFNCOF_01831	16.3	5.2	PF00188.32|CAP	PFAM:PF00188.32
CACYSW010000030.1	137	748	-	FFNCOF_01833	24.3	8.1		
CACYSW010000030.1	899	1813	+	FFNCOF_01834	33.7	5.0	PF24722.1|DUF7674	PFAM:PF24722.1
CACYSW010000030.1	3918	5084	-	FFNCOF_01836	44.0	7.6		
CACYSW010000030.1	5118	6059	-	FFNCOF_01837	34.4	5.4		
CACYSW010000030.1	7866	8303	-	FFNCOF_01841	16.0	4.9	PF01842.31|ACT, PF13291.12|ACT_4, PF13840.12|ACT_7, PF19571.5|ACT_8, PF22629.2|ACT_AHAS_ss	PFAM:PF01842.31, PFAM:PF13291.12, PFAM:PF13840.12, PFAM:PF19571.5, PFAM:PF22629.2
CACYSW010000030.1	12749	13288	-	FFNCOF_01847	21.0	5.7		
CACYSW010000031.1	96	971	+	FFNCOF_01848	33.1	5.5		
CACYSW010000031.1	4366	5400	+	FFNCOF_01850	38.6	5.4		SO:0001217, UniRef:UniRef50_H1HFV1
CACYSW010000031.1	5384	5596	+	FFNCOF_01851	7.9	9.5		
CACYSW010000031.1	5662	6297	-	FFNCOF_01852	23.5	4.4		
CACYSW010000031.1	6294	6515	-	FFNCOF_01853	8.2	8.9	PF12728.13|HTH_17	PFAM:PF12728.13
CACYSW010000031.1	6661	7272	-	FFNCOF_01854	22.5	4.5		
CACYSW010000031.1	7470	7865	+	FFNCOF_01855	15.5	6.4	PF13730.12|HTH_36	PFAM:PF13730.12
CACYSW010000031.1	8020	8415	+	FFNCOF_01856	14.9	5.0		
CACYSW010000031.1	8415	10271	+	FFNCOF_01857	71.5	4.8		
CACYSW010000031.1	10350	10544	+	FFNCOF_01858	7.3	8.0	PF12728.13|HTH_17	PFAM:PF12728.13
CACYSW010000032.1	232	786	+	FFNCOF_01862	20.7	4.5		
CACYSW010000032.1	2334	2645	+	FFNCOF_01865	11.6	6.1		
CACYSW010000032.1	5701	6255	+	FFNCOF_01867	21.2	9.2		
CACYSW010000032.1	6252	6353	+	FFNCOF_01868	3.9	9.5		
CACYSW010000032.1	6350	6490	+	FFNCOF_01869	5.2	4.2		
CACYSW010000033.1	1557	2384	+	FFNCOF_01871	31.2	5.2	PF00702.32|Hydrolase, PF08282.18|Hydrolase_3	PFAM:PF00702.32, PFAM:PF08282.18
CACYSW010000033.1	3029	4441	+	FFNCOF_01873	54.9	6.1		
CACYSW010000033.1	4431	4847	+	FFNCOF_01874	15.9	7.7		
CACYSW010000034.1	32	556	+	FFNCOF_01875	19.7	4.3		
CACYSW010000034.1	717	2261	-	FFNCOF_01876	60.3	8.5	PF01609.27|DDE_Tnp_1, PF05598.16|DUF772, PF13751.12|DDE_Tnp_1_6	PFAM:PF01609.27, PFAM:PF05598.16, PFAM:PF13751.12
CACYSW010000035.1	1289	2113	-	FFNCOF_01878	30.9	8.2	PF06750.18|A24_N_bact	PFAM:PF06750.18
